index,date,season,yr,mnth,hr,holiday,weekday,workingday,weathersit,temp,hum,windspeed,cnt,anomaly
179,2011-01-08,0,0,1,17,0,6,0,0,0.16,0.37,0.5522,69,1
185,2011-01-08,0,0,1,23,0,6,0,0,0.1,0.39,0.4478,22,1
186,2011-01-09,0,0,1,0,0,0,0,0,0.1,0.42,0.3881,25,1
187,2011-01-09,0,0,1,1,0,0,0,0,0.1,0.42,0.4627,12,1
188,2011-01-09,0,0,1,2,0,0,0,0,0.1,0.46,0.4627,11,1
189,2011-01-09,0,0,1,3,0,0,0,0,0.1,0.46,0.4179,4,1
251,2011-01-11,0,0,1,19,0,2,1,2,0.16,0.93,0.0,51,1
254,2011-01-11,0,0,1,22,0,2,1,2,0.16,0.93,0.1045,29,1
255,2011-01-11,0,0,1,23,0,2,1,2,0.16,0.93,0.0896,19,1
266,2011-01-12,0,0,1,12,0,3,1,0,0.2,0.47,0.5821,55,1
373,2011-01-17,0,0,1,0,1,1,0,1,0.2,0.47,0.2239,17,1
374,2011-01-17,0,0,1,1,1,1,0,1,0.2,0.44,0.194,16,1
375,2011-01-17,0,0,1,2,1,1,0,1,0.18,0.43,0.2537,8,1
376,2011-01-17,0,0,1,3,1,1,0,1,0.18,0.43,0.194,2,1
377,2011-01-17,0,0,1,4,1,1,0,1,0.18,0.43,0.1343,3,1
378,2011-01-17,0,0,1,5,1,1,0,1,0.18,0.43,0.1642,1,1
379,2011-01-17,0,0,1,6,1,1,0,1,0.18,0.43,0.194,5,1
380,2011-01-17,0,0,1,7,1,1,0,1,0.16,0.5,0.1343,13,1
381,2011-01-17,0,0,1,8,1,1,0,1,0.16,0.47,0.2239,33,1
382,2011-01-17,0,0,1,9,1,1,0,1,0.16,0.47,0.2239,47,1
383,2011-01-17,0,0,1,10,1,1,0,1,0.16,0.5,0.2537,57,1
384,2011-01-17,0,0,1,11,1,1,0,1,0.16,0.55,0.194,64,1
385,2011-01-17,0,0,1,12,1,1,0,1,0.18,0.47,0.1343,80,1
386,2011-01-17,0,0,1,13,1,1,0,1,0.18,0.47,0.1343,93,1
387,2011-01-17,0,0,1,14,1,1,0,1,0.18,0.43,0.1045,86,1
388,2011-01-17,0,0,1,15,1,1,0,1,0.2,0.47,0.1642,93,1
389,2011-01-17,0,0,1,16,1,1,0,1,0.2,0.47,0.1642,82,1
390,2011-01-17,0,0,1,17,1,1,0,0,0.2,0.51,0.194,71,1
391,2011-01-17,0,0,1,18,1,1,0,1,0.18,0.55,0.2537,92,1
392,2011-01-17,0,0,1,19,1,1,0,2,0.18,0.59,0.194,60,1
393,2011-01-17,0,0,1,20,1,1,0,2,0.16,0.8,0.194,33,1
394,2011-01-17,0,0,1,21,1,1,0,2,0.16,0.8,0.194,27,1
395,2011-01-17,0,0,1,22,1,1,0,2,0.14,0.93,0.2537,13,1
396,2011-01-17,0,0,1,23,1,1,0,2,0.16,0.86,0.2836,4,1
409,2011-01-19,0,0,1,0,0,3,1,1,0.22,0.93,0.0,3,1
468,2011-01-21,0,0,1,12,0,5,1,0,0.22,0.27,0.5821,78,1
469,2011-01-21,0,0,1,13,0,5,1,0,0.2,0.21,0.5821,73,1
470,2011-01-21,0,0,1,14,0,5,1,0,0.2,0.25,0.5224,62,1
478,2011-01-21,0,0,1,22,0,5,1,0,0.06,0.41,0.3881,34,1
480,2011-01-22,0,0,1,0,0,6,0,0,0.04,0.45,0.2537,13,1
481,2011-01-22,0,0,1,1,0,6,0,1,0.04,0.41,0.3881,12,1
501,2011-01-22,0,0,1,22,0,6,0,0,0.06,0.49,0.0,30,1
526,2011-01-24,0,0,1,0,0,1,1,0,0.06,0.41,0.194,7,1
586,2011-01-26,0,0,1,16,0,3,1,3,0.22,0.93,0.3284,36,1
643,2011-01-30,0,0,1,1,0,0,0,0,0.14,0.8,0.0,29,1
645,2011-01-30,0,0,1,3,0,0,0,0,0.14,0.93,0.0,8,1
646,2011-01-30,0,0,1,4,0,0,0,0,0.14,0.93,0.0,1,1
736,2011-02-03,0,0,2,0,0,4,1,0,0.2,0.4,0.4478,12,1
737,2011-02-03,0,0,2,1,0,4,1,0,0.2,0.44,0.5224,5,1
838,2011-02-07,0,0,2,8,0,1,1,1,0.16,1.0,0.0,230,1
871,2011-02-08,0,0,2,17,0,2,1,0,0.22,0.32,0.5821,176,1
878,2011-02-09,0,0,2,0,0,3,1,0,0.1,0.36,0.3582,17,1
922,2011-02-10,0,0,2,22,0,4,1,0,0.12,0.39,0.0,51,1
947,2011-02-12,0,0,2,1,0,6,0,0,0.14,0.86,0.0,24,1
1005,2011-02-14,0,0,2,12,0,1,1,0,0.56,0.22,0.4478,126,1
1007,2011-02-14,0,0,2,14,0,1,1,0,0.6,0.15,0.4925,90,1
1008,2011-02-14,0,0,2,15,0,1,1,0,0.56,0.21,0.6567,90,1
1010,2011-02-14,0,0,2,17,0,1,1,0,0.46,0.33,0.6119,243,1
1011,2011-02-14,0,0,2,18,0,1,1,0,0.4,0.4,0.6119,205,1
1015,2011-02-14,0,0,2,22,0,1,1,0,0.34,0.46,0.6567,45,1
1018,2011-02-15,0,0,2,1,0,2,1,0,0.3,0.42,0.7761,5,1
1019,2011-02-15,0,0,2,2,0,2,1,0,0.28,0.41,0.6866,3,1
1020,2011-02-15,0,0,2,4,0,2,1,0,0.22,0.37,0.5224,1,1
1106,2011-02-18,0,0,2,19,0,5,1,0,0.62,0.29,0.5821,162,1
1108,2011-02-18,0,0,2,21,0,5,1,0,0.58,0.21,0.4925,72,1
1110,2011-02-18,0,0,2,23,0,5,1,0,0.52,0.08,0.2836,77,1
1111,2011-02-19,0,0,2,0,0,6,0,0,0.48,0.12,0.4925,29,1
1112,2011-02-19,0,0,2,1,0,6,0,0,0.46,0.14,0.4179,31,1
1113,2011-02-19,0,0,2,2,0,6,0,0,0.44,0.13,0.3881,17,1
1118,2011-02-19,0,0,2,7,0,6,0,0,0.38,0.17,0.5224,22,1
1119,2011-02-19,0,0,2,8,0,6,0,0,0.38,0.17,0.5821,45,1
1120,2011-02-19,0,0,2,9,0,6,0,0,0.4,0.16,0.6567,55,1
1121,2011-02-19,0,0,2,10,0,6,0,0,0.42,0.16,0.5821,106,1
1122,2011-02-19,0,0,2,11,0,6,0,0,0.44,0.16,0.5821,123,1
1123,2011-02-19,0,0,2,12,0,6,0,0,0.44,0.18,0.4925,119,1
1124,2011-02-19,0,0,2,13,0,6,0,0,0.44,0.16,0.6119,155,1
1125,2011-02-19,0,0,2,14,0,6,0,0,0.46,0.15,0.6567,196,1
1126,2011-02-19,0,0,2,15,0,6,0,0,0.44,0.16,0.7463,171,1
1127,2011-02-19,0,0,2,16,0,6,0,0,0.44,0.16,0.6418,120,1
1128,2011-02-19,0,0,2,17,0,6,0,0,0.42,0.19,0.6119,127,1
1131,2011-02-19,0,0,2,20,0,6,0,0,0.32,0.28,0.5224,47,1
1132,2011-02-19,0,0,2,21,0,6,0,0,0.32,0.26,0.5522,33,1
1158,2011-02-21,0,0,2,0,1,1,0,1,0.34,0.42,0.3284,37,1
1159,2011-02-21,0,0,2,1,1,1,0,1,0.34,0.42,0.3284,13,1
1160,2011-02-21,0,0,2,2,1,1,0,1,0.34,0.42,0.3284,4,1
1161,2011-02-21,0,0,2,3,1,1,0,1,0.34,0.42,0.2985,5,1
1162,2011-02-21,0,0,2,4,1,1,0,0,0.32,0.45,0.1642,1,1
1163,2011-02-21,0,0,2,5,1,1,0,1,0.34,0.36,0.0,3,1
1164,2011-02-21,0,0,2,6,1,1,0,1,0.42,0.26,0.2985,8,1
1165,2011-02-21,0,0,2,7,1,1,0,1,0.42,0.26,0.2836,19,1
1166,2011-02-21,0,0,2,8,1,1,0,1,0.32,0.57,0.2985,63,1
1167,2011-02-21,0,0,2,9,1,1,0,1,0.32,0.57,0.2836,57,1
1168,2011-02-21,0,0,2,10,1,1,0,1,0.32,0.57,0.2537,81,1
1169,2011-02-21,0,0,2,11,1,1,0,1,0.32,0.57,0.1045,90,1
1170,2011-02-21,0,0,2,12,1,1,0,1,0.32,0.66,0.194,93,1
1171,2011-02-21,0,0,2,13,1,1,0,2,0.3,0.81,0.3284,103,1
1172,2011-02-21,0,0,2,14,1,1,0,1,0.32,0.76,0.2537,116,1
1173,2011-02-21,0,0,2,15,1,1,0,1,0.3,0.7,0.4478,87,1
1174,2011-02-21,0,0,2,16,1,1,0,2,0.28,0.75,0.4179,56,1
1175,2011-02-21,0,0,2,17,1,1,0,1,0.28,0.75,0.3881,80,1
1176,2011-02-21,0,0,2,18,1,1,0,1,0.24,0.87,0.3582,66,1
1177,2011-02-21,0,0,2,19,1,1,0,1,0.24,0.87,0.3582,49,1
1178,2011-02-21,0,0,2,20,1,1,0,2,0.24,0.81,0.3881,29,1
1179,2011-02-21,0,0,2,21,1,1,0,2,0.22,0.75,0.4478,34,1
1180,2011-02-21,0,0,2,22,1,1,0,2,0.2,0.75,0.4179,11,1
1181,2011-02-21,0,0,2,23,1,1,0,2,0.2,0.75,0.4179,2,1
1246,2011-02-25,0,0,2,0,0,5,1,2,0.32,0.93,0.0,9,1
1247,2011-02-25,0,0,2,1,0,5,1,1,0.32,1.0,0.0,10,1
1248,2011-02-25,0,0,2,2,0,5,1,1,0.32,1.0,0.0,3,1
1259,2011-02-25,0,0,2,14,0,5,1,2,0.56,0.56,0.6119,85,1
1260,2011-02-25,0,0,2,15,0,5,1,0,0.46,0.41,0.806,55,1
1262,2011-02-25,0,0,2,17,0,5,1,0,0.32,0.49,0.7463,189,1
1265,2011-02-25,0,0,2,20,0,5,1,0,0.3,0.49,0.6119,62,1
1333,2011-02-28,0,0,2,19,0,1,1,2,0.44,0.88,0.6119,80,1
1334,2011-02-28,0,0,2,20,0,1,1,2,0.44,0.88,0.6119,45,1
1384,2011-03-02,1,0,3,22,0,3,1,0,0.3,0.26,0.5522,48,1
1385,2011-03-02,1,0,3,23,0,3,1,0,0.26,0.3,0.5224,22,1
1386,2011-03-03,1,0,3,0,0,4,1,0,0.24,0.3,0.4627,13,1
1387,2011-03-03,1,0,3,1,0,4,1,0,0.24,0.3,0.4627,1,1
1388,2011-03-03,1,0,3,2,0,4,1,0,0.2,0.27,0.4627,3,1
1389,2011-03-03,1,0,3,3,0,4,1,0,0.2,0.27,0.4627,1,1
1390,2011-03-03,1,0,3,4,0,4,1,0,0.16,0.31,0.4925,1,1
1403,2011-03-03,1,0,3,17,0,4,1,0,0.26,0.22,0.0,202,1
1476,2011-03-06,1,0,3,19,0,0,0,2,0.3,1.0,0.4925,11,1
1477,2011-03-06,1,0,3,20,0,0,0,2,0.28,1.0,0.4179,11,1
1478,2011-03-06,1,0,3,21,0,0,0,2,0.24,0.93,0.6119,7,1
1479,2011-03-06,1,0,3,22,0,0,0,1,0.22,1.0,0.3881,10,1
1480,2011-03-06,1,0,3,23,0,0,0,1,0.22,1.0,0.4179,9,1
1481,2011-03-07,1,0,3,0,0,1,1,2,0.2,1.0,0.3284,4,1
1482,2011-03-07,1,0,3,1,0,1,1,2,0.2,1.0,0.3284,2,1
1483,2011-03-07,1,0,3,3,0,1,1,0,0.2,0.8,0.5821,1,1
1484,2011-03-07,1,0,3,4,0,1,1,0,0.2,0.8,0.5224,1,1
1552,2011-03-10,1,0,3,0,0,4,1,2,0.34,0.0,0.2537,3,1
1553,2011-03-10,1,0,3,1,0,4,1,2,0.34,0.0,0.2537,2,1
1554,2011-03-10,1,0,3,2,0,4,1,2,0.34,0.0,0.2537,1,1
1555,2011-03-10,1,0,3,5,0,4,1,2,0.36,0.0,0.194,3,1
1556,2011-03-10,1,0,3,6,0,4,1,2,0.36,0.0,0.3284,12,1
1557,2011-03-10,1,0,3,7,0,4,1,2,0.38,0.0,0.2239,37,1
1558,2011-03-10,1,0,3,8,0,4,1,2,0.38,0.0,0.2836,44,1
1559,2011-03-10,1,0,3,9,0,4,1,2,0.4,0.0,0.2239,24,1
1560,2011-03-10,1,0,3,10,0,4,1,2,0.4,0.0,0.1642,17,1
1561,2011-03-10,1,0,3,11,0,4,1,2,0.4,0.0,0.2537,11,1
1562,2011-03-10,1,0,3,12,0,4,1,2,0.42,0.0,0.2239,34,1
1563,2011-03-10,1,0,3,13,0,4,1,2,0.42,0.0,0.2239,12,1
1564,2011-03-10,1,0,3,14,0,4,1,2,0.44,0.0,0.2985,12,1
1565,2011-03-10,1,0,3,15,0,4,1,2,0.44,0.0,0.2239,14,1
1566,2011-03-10,1,0,3,16,0,4,1,2,0.42,0.0,0.2537,21,1
1567,2011-03-10,1,0,3,17,0,4,1,1,0.44,0.0,0.3881,111,1
1568,2011-03-10,1,0,3,18,0,4,1,2,0.44,0.0,0.3582,82,1
1569,2011-03-10,1,0,3,19,0,4,1,2,0.44,0.0,0.5821,56,1
1570,2011-03-10,1,0,3,20,0,4,1,2,0.36,0.0,0.3284,38,1
1571,2011-03-10,1,0,3,21,0,4,1,2,0.36,0.0,0.2239,28,1
1572,2011-03-10,1,0,3,22,0,4,1,1,0.34,0.0,0.1343,34,1
1573,2011-03-10,1,0,3,23,0,4,1,2,0.34,0.0,0.0896,27,1
1874,2011-03-23,1,0,3,20,0,3,1,2,0.36,0.87,0.6418,75,1
2155,2011-04-04,1,0,4,15,0,1,1,0,0.76,0.23,0.5522,143,1
2156,2011-04-04,1,0,4,16,0,1,1,0,0.76,0.22,0.5224,189,1
2157,2011-04-04,1,0,4,17,0,1,1,0,0.74,0.23,0.6119,366,1
2158,2011-04-04,1,0,4,18,0,1,1,1,0.72,0.23,0.4925,386,1
2160,2011-04-04,1,0,4,20,0,1,1,1,0.7,0.24,0.5522,173,1
2172,2011-04-05,1,0,4,8,0,2,1,2,0.38,0.87,0.5821,157,1
2324,2011-04-11,1,0,4,17,0,1,1,0,0.74,0.48,0.5224,452,1
2403,2011-04-15,1,0,4,0,1,5,0,0,0.44,0.67,0.0,27,1
2404,2011-04-15,1,0,4,1,1,5,0,0,0.44,0.62,0.0,15,1
2405,2011-04-15,1,0,4,2,1,5,0,0,0.4,0.76,0.0,18,1
2406,2011-04-15,1,0,4,3,1,5,0,0,0.4,0.76,0.0,3,1
2407,2011-04-15,1,0,4,4,1,5,0,0,0.38,0.82,0.0896,3,1
2408,2011-04-15,1,0,4,5,1,5,0,0,0.36,0.81,0.1045,13,1
2409,2011-04-15,1,0,4,6,1,5,0,0,0.36,0.81,0.0896,47,1
2410,2011-04-15,1,0,4,7,1,5,0,0,0.4,0.71,0.1642,149,1
2411,2011-04-15,1,0,4,8,1,5,0,0,0.44,0.62,0.2985,300,1
2412,2011-04-15,1,0,4,9,1,5,0,0,0.5,0.55,0.194,178,1
2413,2011-04-15,1,0,4,10,1,5,0,0,0.5,0.55,0.194,122,1
2414,2011-04-15,1,0,4,11,1,5,0,0,0.52,0.55,0.194,136,1
2415,2011-04-15,1,0,4,12,1,5,0,0,0.52,0.55,0.2836,200,1
2416,2011-04-15,1,0,4,13,1,5,0,0,0.54,0.52,0.2537,180,1
2417,2011-04-15,1,0,4,14,1,5,0,0,0.54,0.52,0.2537,163,1
2418,2011-04-15,1,0,4,15,1,5,0,0,0.54,0.52,0.4478,162,1
2419,2011-04-15,1,0,4,16,1,5,0,0,0.52,0.55,0.4925,243,1
2420,2011-04-15,1,0,4,17,1,5,0,1,0.5,0.63,0.3881,331,1
2421,2011-04-15,1,0,4,18,1,5,0,1,0.46,0.67,0.3881,263,1
2422,2011-04-15,1,0,4,19,1,5,0,0,0.42,0.77,0.3881,209,1
2423,2011-04-15,1,0,4,20,1,5,0,1,0.4,0.76,0.3284,118,1
2424,2011-04-15,1,0,4,21,1,5,0,1,0.4,0.76,0.2985,102,1
2425,2011-04-15,1,0,4,22,1,5,0,1,0.38,0.82,0.3881,80,1
2426,2011-04-15,1,0,4,23,1,5,0,1,0.36,0.81,0.194,64,1
2439,2011-04-16,1,0,4,12,0,6,0,1,0.46,0.88,0.5821,32,1
2441,2011-04-16,1,0,4,14,0,6,0,2,0.52,0.83,0.5821,63,1
2442,2011-04-16,1,0,4,15,0,6,0,2,0.52,0.83,0.5821,78,1
2444,2011-04-16,1,0,4,17,0,6,0,2,0.5,0.88,0.5821,15,1
2553,2011-04-21,1,0,4,6,0,4,1,1,0.4,0.58,0.5821,75,1
2848,2011-05-03,1,0,5,13,0,2,1,1,0.7,0.58,0.6119,194,1
2896,2011-05-05,1,0,5,13,0,4,1,0,0.54,0.3,0.5821,192,1
3483,2011-05-30,1,0,5,0,1,1,0,0,0.64,0.94,0.194,103,1
3484,2011-05-30,1,0,5,1,1,1,0,0,0.64,0.94,0.1343,79,1
3485,2011-05-30,1,0,5,2,1,1,0,0,0.64,0.94,0.194,45,1
3486,2011-05-30,1,0,5,3,1,1,0,0,0.64,0.94,0.194,18,1
3487,2011-05-30,1,0,5,4,1,1,0,0,0.62,0.94,0.1642,6,1
3488,2011-05-30,1,0,5,5,1,1,0,1,0.62,0.94,0.1045,7,1
3489,2011-05-30,1,0,5,6,1,1,0,1,0.64,0.94,0.0896,16,1
3490,2011-05-30,1,0,5,7,1,1,0,1,0.64,0.94,0.0,31,1
3491,2011-05-30,1,0,5,8,1,1,0,1,0.66,0.89,0.1045,94,1
3492,2011-05-30,1,0,5,9,1,1,0,0,0.72,0.74,0.0896,128,1
3493,2011-05-30,1,0,5,10,1,1,0,0,0.8,0.55,0.2537,269,1
3494,2011-05-30,1,0,5,11,1,1,0,0,0.82,0.52,0.0,321,1
3495,2011-05-30,1,0,5,12,1,1,0,0,0.86,0.47,0.1045,366,1
3496,2011-05-30,1,0,5,13,1,1,0,0,0.86,0.44,0.0896,350,1
3497,2011-05-30,1,0,5,14,1,1,0,0,0.88,0.39,0.0,327,1
3498,2011-05-30,1,0,5,15,1,1,0,0,0.88,0.39,0.2537,311,1
3499,2011-05-30,1,0,5,16,1,1,0,0,0.88,0.37,0.2836,309,1
3500,2011-05-30,1,0,5,17,1,1,0,0,0.86,0.41,0.2239,304,1
3501,2011-05-30,1,0,5,18,1,1,0,0,0.86,0.41,0.1642,249,1
3502,2011-05-30,1,0,5,19,1,1,0,1,0.52,0.48,0.1045,225,1
3503,2011-05-30,1,0,5,20,1,1,0,0,0.76,0.58,0.0,237,1
3504,2011-05-30,1,0,5,21,1,1,0,0,0.74,0.7,0.1343,149,1
3505,2011-05-30,1,0,5,22,1,1,0,0,0.72,0.74,0.1642,106,1
3506,2011-05-30,1,0,5,23,1,1,0,0,0.7,0.84,0.1045,48,1
3555,2011-06-02,2,0,6,0,0,4,1,0,0.74,0.4,0.3582,42,1
3571,2011-06-02,2,0,6,16,0,4,1,0,0.8,0.22,0.4925,318,1
3572,2011-06-02,2,0,6,17,0,4,1,0,0.76,0.2,0.5224,572,1
4220,2011-06-29,2,0,6,17,0,3,1,0,0.82,0.26,0.4179,570,1
4316,2011-07-03,2,0,7,17,0,0,0,2,0.8,0.49,0.8507,358,1
4317,2011-07-03,2,0,7,18,0,0,0,2,0.8,0.49,0.8507,181,1
4323,2011-07-04,2,0,7,0,1,1,0,0,0.64,0.83,0.1343,140,1
4324,2011-07-04,2,0,7,1,1,1,0,0,0.64,0.83,0.0896,119,1
4325,2011-07-04,2,0,7,2,1,1,0,0,0.64,0.83,0.0,63,1
4326,2011-07-04,2,0,7,3,1,1,0,0,0.64,0.78,0.0,26,1
4327,2011-07-04,2,0,7,4,1,1,0,1,0.66,0.78,0.0896,12,1
4328,2011-07-04,2,0,7,5,1,1,0,1,0.64,0.83,0.1343,4,1
4329,2011-07-04,2,0,7,6,1,1,0,0,0.64,0.89,0.1642,16,1
4330,2011-07-04,2,0,7,7,1,1,0,0,0.66,0.83,0.1343,36,1
4331,2011-07-04,2,0,7,8,1,1,0,0,0.7,0.74,0.1045,86,1
4332,2011-07-04,2,0,7,9,1,1,0,1,0.72,0.66,0.0896,238,1
4333,2011-07-04,2,0,7,10,1,1,0,1,0.76,0.55,0.0896,280,1
4334,2011-07-04,2,0,7,11,1,1,0,1,0.76,0.55,0.0896,349,1
4335,2011-07-04,2,0,7,12,1,1,0,1,0.78,0.52,0.0,447,1
4336,2011-07-04,2,0,7,13,1,1,0,1,0.78,0.49,0.0,423,1
4337,2011-07-04,2,0,7,14,1,1,0,0,0.8,0.46,0.0,408,1
4338,2011-07-04,2,0,7,15,1,1,0,0,0.82,0.43,0.0896,408,1
4339,2011-07-04,2,0,7,16,1,1,0,0,0.82,0.41,0.0,452,1
4340,2011-07-04,2,0,7,17,1,1,0,0,0.8,0.46,0.0,436,1
4341,2011-07-04,2,0,7,18,1,1,0,0,0.8,0.46,0.1343,418,1
4342,2011-07-04,2,0,7,19,1,1,0,1,0.78,0.49,0.1642,375,1
4343,2011-07-04,2,0,7,20,1,1,0,1,0.76,0.55,0.1045,386,1
4344,2011-07-04,2,0,7,21,1,1,0,1,0.74,0.62,0.1045,457,1
4345,2011-07-04,2,0,7,22,1,1,0,1,0.74,0.62,0.1343,326,1
4346,2011-07-04,2,0,7,23,1,1,0,1,0.72,0.7,0.1045,138,1
4939,2011-07-29,2,0,7,16,0,5,1,0,0.96,0.3,0.3881,233,1
5011,2011-08-01,2,0,8,16,0,1,1,0,0.9,0.27,0.0,231,1
5036,2011-08-02,2,0,8,17,0,2,1,1,0.9,0.27,0.1343,556,1
5156,2011-08-07,2,0,8,17,0,0,0,2,0.74,0.74,0.6418,194,1
5276,2011-08-12,2,0,8,17,0,5,1,0,0.82,0.26,0.0,516,1
5444,2011-08-19,2,0,8,17,0,5,1,0,0.76,0.58,0.5224,527,1
5636,2011-08-27,2,0,8,17,0,6,0,2,0.64,0.89,0.8358,16,1
5640,2011-08-28,2,0,8,10,0,0,0,0,0.7,0.61,0.6119,142,1
5822,2011-09-05,2,0,9,0,1,1,0,1,0.7,0.74,0.2239,97,1
5823,2011-09-05,2,0,9,1,1,1,0,1,0.68,0.79,0.1045,54,1
5824,2011-09-05,2,0,9,2,1,1,0,1,0.68,0.79,0.1642,39,1
5825,2011-09-05,2,0,9,3,1,1,0,1,0.68,0.74,0.2985,16,1
5826,2011-09-05,2,0,9,4,1,1,0,1,0.68,0.69,0.2836,8,1
5827,2011-09-05,2,0,9,5,1,1,0,1,0.66,0.74,0.1642,6,1
5828,2011-09-05,2,0,9,6,1,1,0,1,0.66,0.74,0.1343,11,1
5829,2011-09-05,2,0,9,7,1,1,0,0,0.66,0.74,0.1642,41,1
5830,2011-09-05,2,0,9,8,1,1,0,1,0.66,0.78,0.194,101,1
5831,2011-09-05,2,0,9,9,1,1,0,2,0.68,0.74,0.1642,152,1
5832,2011-09-05,2,0,9,10,1,1,0,1,0.7,0.7,0.1642,244,1
5833,2011-09-05,2,0,9,11,1,1,0,1,0.7,0.74,0.1642,308,1
5834,2011-09-05,2,0,9,12,1,1,0,1,0.72,0.7,0.194,353,1
5835,2011-09-05,2,0,9,13,1,1,0,1,0.74,0.7,0.1343,389,1
5836,2011-09-05,2,0,9,14,1,1,0,0,0.74,0.7,0.1642,357,1
5837,2011-09-05,2,0,9,15,1,1,0,1,0.68,0.79,0.2836,253,1
5838,2011-09-05,2,0,9,16,1,1,0,1,0.68,0.79,0.2836,284,1
5839,2011-09-05,2,0,9,17,1,1,0,1,0.66,0.89,0.1045,114,1
5840,2011-09-05,2,0,9,18,1,1,0,0,0.66,0.89,0.0896,123,1
5841,2011-09-05,2,0,9,19,1,1,0,2,0.66,0.94,0.1045,175,1
5842,2011-09-05,2,0,9,20,1,1,0,2,0.66,0.94,0.2537,82,1
5843,2011-09-05,2,0,9,21,1,1,0,1,0.66,0.94,0.2985,60,1
5844,2011-09-05,2,0,9,22,1,1,0,1,0.6,0.88,0.5821,64,1
5845,2011-09-05,2,0,9,23,1,1,0,2,0.56,0.88,0.3881,20,1
6077,2011-09-15,2,0,9,18,0,4,1,2,0.48,0.67,0.6119,244,1
6659,2011-10-10,2,0,10,0,1,1,0,0,0.5,0.94,0.0,53,1
6660,2011-10-10,2,0,10,1,1,1,0,0,0.48,0.88,0.0,34,1
6661,2011-10-10,2,0,10,2,1,1,0,0,0.48,0.88,0.0,19,1
6662,2011-10-10,2,0,10,3,1,1,0,0,0.46,0.88,0.0,11,1
6663,2011-10-10,2,0,10,4,1,1,0,0,0.46,0.94,0.0,6,1
6664,2011-10-10,2,0,10,5,1,1,0,0,0.46,0.94,0.0,21,1
6665,2011-10-10,2,0,10,6,1,1,0,0,0.44,0.94,0.0,44,1
6666,2011-10-10,2,0,10,7,1,1,0,0,0.46,0.88,0.0,114,1
6667,2011-10-10,2,0,10,8,1,1,0,0,0.52,0.83,0.0,254,1
6668,2011-10-10,2,0,10,9,1,1,0,0,0.54,0.77,0.0,219,1
6669,2011-10-10,2,0,10,10,1,1,0,0,0.56,0.73,0.1642,265,1
6670,2011-10-10,2,0,10,11,1,1,0,0,0.62,0.69,0.0896,322,1
6671,2011-10-10,2,0,10,12,1,1,0,1,0.7,0.48,0.0896,365,1
6672,2011-10-10,2,0,10,13,1,1,0,0,0.72,0.37,0.0,365,1
6673,2011-10-10,2,0,10,14,1,1,0,0,0.74,0.37,0.0,370,1
6674,2011-10-10,2,0,10,15,1,1,0,1,0.72,0.42,0.1045,384,1
6675,2011-10-10,2,0,10,16,1,1,0,1,0.7,0.45,0.0896,402,1
6676,2011-10-10,2,0,10,17,1,1,0,1,0.66,0.54,0.1045,459,1
6677,2011-10-10,2,0,10,18,1,1,0,1,0.64,0.53,0.0,473,1
6678,2011-10-10,2,0,10,19,1,1,0,1,0.58,0.78,0.0896,336,1
6679,2011-10-10,2,0,10,20,1,1,0,0,0.6,0.73,0.0,225,1
6680,2011-10-10,2,0,10,21,1,1,0,0,0.56,0.88,0.0896,175,1
6681,2011-10-10,2,0,10,22,1,1,0,0,0.56,0.88,0.0896,126,1
6682,2011-10-10,2,0,10,23,1,1,0,1,0.54,0.88,0.1045,75,1
6791,2011-10-15,2,0,10,12,0,6,0,0,0.58,0.35,0.5522,456,1
6906,2011-10-20,2,0,10,8,0,4,1,0,0.44,0.67,0.5224,426,1
6907,2011-10-20,2,0,10,9,0,4,1,0,0.44,0.67,0.5821,223,1
6911,2011-10-20,2,0,10,13,0,4,1,0,0.5,0.45,0.5821,164,1
7127,2011-10-29,2,0,10,13,0,6,0,2,0.24,0.87,0.5224,30,1
7426,2011-11-11,2,0,11,0,1,5,0,0,0.34,0.53,0.2537,66,1
7427,2011-11-11,2,0,11,1,1,5,0,0,0.32,0.57,0.3284,19,1
7428,2011-11-11,2,0,11,2,1,5,0,0,0.32,0.57,0.2836,11,1
7429,2011-11-11,2,0,11,3,1,5,0,0,0.3,0.61,0.194,6,1
7430,2011-11-11,2,0,11,4,1,5,0,0,0.3,0.61,0.194,8,1
7431,2011-11-11,2,0,11,5,1,5,0,0,0.3,0.49,0.2537,13,1
7432,2011-11-11,2,0,11,6,1,5,0,0,0.28,0.45,0.3284,46,1
7433,2011-11-11,2,0,11,7,1,5,0,0,0.28,0.45,0.2537,121,1
7434,2011-11-11,2,0,11,8,1,5,0,0,0.3,0.42,0.3582,258,1
7435,2011-11-11,2,0,11,9,1,5,0,0,0.32,0.45,0.4478,201,1
7436,2011-11-11,2,0,11,10,1,5,0,0,0.32,0.42,0.5522,200,1
7437,2011-11-11,2,0,11,11,1,5,0,0,0.34,0.42,0.4925,170,1
7438,2011-11-11,2,0,11,12,1,5,0,0,0.34,0.42,0.4627,239,1
7439,2011-11-11,2,0,11,13,1,5,0,0,0.38,0.37,0.5522,236,1
7440,2011-11-11,2,0,11,14,1,5,0,0,0.38,0.37,0.4627,247,1
7441,2011-11-11,2,0,11,15,1,5,0,0,0.36,0.37,0.4179,216,1
7442,2011-11-11,2,0,11,16,1,5,0,0,0.36,0.34,0.3284,238,1
7443,2011-11-11,2,0,11,17,1,5,0,0,0.34,0.39,0.3284,310,1
7444,2011-11-11,2,0,11,18,1,5,0,0,0.34,0.39,0.2537,208,1
7445,2011-11-11,2,0,11,19,1,5,0,0,0.32,0.39,0.1642,199,1
7446,2011-11-11,2,0,11,20,1,5,0,0,0.32,0.39,0.194,109,1
7447,2011-11-11,2,0,11,21,1,5,0,0,0.3,0.45,0.1642,83,1
7448,2011-11-11,2,0,11,22,1,5,0,0,0.32,0.39,0.194,91,1
7449,2011-11-11,2,0,11,23,1,5,0,0,0.3,0.45,0.0896,73,1
7738,2011-11-24,2,0,11,0,1,4,0,0,0.32,0.57,0.2239,23,1
7739,2011-11-24,2,0,11,1,1,4,0,0,0.32,0.57,0.4179,24,1
7740,2011-11-24,2,0,11,2,1,4,0,0,0.3,0.61,0.2836,22,1
7741,2011-11-24,2,0,11,3,1,4,0,0,0.28,0.65,0.1343,5,1
7742,2011-11-24,2,0,11,4,1,4,0,0,0.3,0.61,0.0896,2,1
7743,2011-11-24,2,0,11,5,1,4,0,0,0.3,0.61,0.1045,11,1
7744,2011-11-24,2,0,11,6,1,4,0,0,0.3,0.61,0.0896,6,1
7745,2011-11-24,2,0,11,7,1,4,0,0,0.26,0.75,0.1045,40,1
7746,2011-11-24,2,0,11,8,1,4,0,0,0.3,0.65,0.0896,46,1
7747,2011-11-24,2,0,11,9,1,4,0,0,0.34,0.61,0.0,81,1
7748,2011-11-24,2,0,11,10,1,4,0,0,0.36,0.57,0.0,98,1
7749,2011-11-24,2,0,11,11,1,4,0,0,0.42,0.41,0.2985,142,1
7750,2011-11-24,2,0,11,12,1,4,0,0,0.46,0.36,0.2239,150,1
7751,2011-11-24,2,0,11,13,1,4,0,0,0.48,0.33,0.2239,175,1
7752,2011-11-24,2,0,11,14,1,4,0,0,0.5,0.31,0.2985,168,1
7753,2011-11-24,2,0,11,15,1,4,0,0,0.5,0.31,0.2537,149,1
7754,2011-11-24,2,0,11,16,1,4,0,0,0.5,0.34,0.2836,114,1
7755,2011-11-24,2,0,11,17,1,4,0,0,0.48,0.33,0.1045,74,1
7756,2011-11-24,2,0,11,18,1,4,0,0,0.42,0.5,0.0896,37,1
7757,2011-11-24,2,0,11,19,1,4,0,0,0.4,0.54,0.1045,28,1
7758,2011-11-24,2,0,11,20,1,4,0,0,0.36,0.76,0.1642,31,1
7759,2011-11-24,2,0,11,21,1,4,0,0,0.36,0.71,0.1642,26,1
7760,2011-11-24,2,0,11,22,1,4,0,0,0.36,0.71,0.1642,22,1
7761,2011-11-24,2,0,11,23,1,4,0,0,0.34,0.76,0.1045,21,1
7937,2011-12-02,0,0,12,8,0,5,1,0,0.24,0.87,0.0,445,1
8009,2011-12-05,0,0,12,8,0,1,1,0,0.32,0.93,0.0,404,1
8043,2011-12-06,0,0,12,18,0,2,1,1,0.46,1.0,0.2836,304,1
8044,2011-12-06,0,0,12,19,0,2,1,2,0.46,1.0,0.2985,233,1
8048,2011-12-06,0,0,12,23,0,2,1,2,0.46,1.0,0.1642,53,1
8049,2011-12-07,0,0,12,0,0,3,1,0,0.44,1.0,0.194,33,1
8050,2011-12-07,0,0,12,1,0,3,1,1,0.46,1.0,0.2537,13,1
8055,2011-12-07,0,0,12,6,0,3,1,2,0.48,1.0,0.4179,18,1
8068,2011-12-07,0,0,12,19,0,3,1,2,0.34,0.87,0.6418,33,1
8069,2011-12-07,0,0,12,20,0,3,1,2,0.34,0.87,0.6418,26,1
8070,2011-12-07,0,0,12,21,0,3,1,2,0.3,0.87,0.5224,6,1
8225,2011-12-14,0,0,12,8,0,3,1,1,0.26,0.87,0.0,467,1
8393,2011-12-21,0,0,12,8,0,3,1,2,0.36,0.93,0.0,405,1
8403,2011-12-21,0,0,12,18,0,3,1,1,0.44,1.0,0.2985,280,1
8504,2011-12-26,0,0,12,0,1,1,0,0,0.22,0.75,0.1642,11,1
8505,2011-12-26,0,0,12,1,1,1,0,0,0.28,0.56,0.194,10,1
8506,2011-12-26,0,0,12,2,1,1,0,0,0.34,0.46,0.2239,7,1
8507,2011-12-26,0,0,12,4,1,1,0,0,0.34,0.46,0.2985,2,1
8508,2011-12-26,0,0,12,5,1,1,0,0,0.34,0.42,0.3881,4,1
8509,2011-12-26,0,0,12,6,1,1,0,0,0.32,0.45,0.2836,4,1
8510,2011-12-26,0,0,12,7,1,1,0,0,0.32,0.45,0.194,19,1
8511,2011-12-26,0,0,12,8,1,1,0,0,0.32,0.45,0.1343,18,1
8512,2011-12-26,0,0,12,9,1,1,0,0,0.34,0.46,0.2985,62,1
8513,2011-12-26,0,0,12,10,1,1,0,0,0.34,0.42,0.5224,70,1
8514,2011-12-26,0,0,12,11,1,1,0,0,0.34,0.46,0.5821,91,1
8515,2011-12-26,0,0,12,12,1,1,0,0,0.36,0.43,0.4627,100,1
8516,2011-12-26,0,0,12,13,1,1,0,0,0.38,0.4,0.2985,140,1
8517,2011-12-26,0,0,12,14,1,1,0,0,0.38,0.4,0.3284,153,1
8518,2011-12-26,0,0,12,15,1,1,0,0,0.38,0.4,0.2537,131,1
8519,2011-12-26,0,0,12,16,1,1,0,0,0.36,0.43,0.2836,97,1
8520,2011-12-26,0,0,12,17,1,1,0,0,0.34,0.46,0.2239,97,1
8521,2011-12-26,0,0,12,18,1,1,0,0,0.32,0.49,0.0896,75,1
8522,2011-12-26,0,0,12,19,1,1,0,0,0.3,0.65,0.0896,65,1
8523,2011-12-26,0,0,12,20,1,1,0,0,0.3,0.56,0.0896,56,1
8524,2011-12-26,0,0,12,21,1,1,0,0,0.26,0.7,0.0,49,1
8525,2011-12-26,0,0,12,22,1,1,0,0,0.26,0.7,0.0,27,1
8526,2011-12-26,0,0,12,23,1,1,0,0,0.26,0.7,0.1045,29,1
8670,2012-01-02,0,1,1,0,1,1,0,0,0.4,0.4,0.4627,39,1
8671,2012-01-02,0,1,1,1,1,1,0,0,0.36,0.43,0.4179,12,1
8672,2012-01-02,0,1,1,2,1,1,0,0,0.36,0.34,0.4478,7,1
8673,2012-01-02,0,1,1,4,1,1,0,0,0.28,0.45,0.3284,4,1
8674,2012-01-02,0,1,1,5,1,1,0,0,0.28,0.45,0.3284,4,1
8675,2012-01-02,0,1,1,6,1,1,0,0,0.26,0.41,0.3881,14,1
8676,2012-01-02,0,1,1,7,1,1,0,0,0.24,0.32,0.3881,16,1
8677,2012-01-02,0,1,1,8,1,1,0,0,0.24,0.35,0.2537,53,1
8678,2012-01-02,0,1,1,9,1,1,0,0,0.24,0.35,0.0,68,1
8679,2012-01-02,0,1,1,10,1,1,0,0,0.26,0.35,0.2836,109,1
8680,2012-01-02,0,1,1,11,1,1,0,0,0.26,0.35,0.4925,175,1
8681,2012-01-02,0,1,1,12,1,1,0,0,0.28,0.36,0.2537,202,1
8682,2012-01-02,0,1,1,13,1,1,0,0,0.3,0.36,0.2985,176,1
8683,2012-01-02,0,1,1,14,1,1,0,0,0.3,0.36,0.4179,151,1
8684,2012-01-02,0,1,1,15,1,1,0,0,0.28,0.38,0.4478,168,1
8685,2012-01-02,0,1,1,16,1,1,0,0,0.26,0.35,0.4179,154,1
8686,2012-01-02,0,1,1,17,1,1,0,0,0.26,0.35,0.3881,153,1
8687,2012-01-02,0,1,1,18,1,1,0,0,0.26,0.33,0.2537,126,1
8688,2012-01-02,0,1,1,19,1,1,0,0,0.24,0.38,0.2239,93,1
8689,2012-01-02,0,1,1,20,1,1,0,0,0.24,0.41,0.2239,88,1
8690,2012-01-02,0,1,1,21,1,1,0,1,0.24,0.41,0.3284,66,1
8691,2012-01-02,0,1,1,22,1,1,0,1,0.22,0.44,0.2836,39,1
8692,2012-01-02,0,1,1,23,1,1,0,0,0.22,0.44,0.2537,34,1
8706,2012-01-03,0,1,1,13,0,2,1,0,0.18,0.34,0.6567,73,1
8709,2012-01-03,0,1,1,16,0,2,1,0,0.14,0.39,0.5821,136,1
8710,2012-01-03,0,1,1,17,0,2,1,0,0.14,0.26,0.4627,245,1
8711,2012-01-03,0,1,1,18,0,2,1,0,0.14,0.26,0.5224,224,1
8717,2012-01-04,0,1,1,0,0,3,1,0,0.08,0.42,0.3284,9,1
8718,2012-01-04,0,1,1,1,0,3,1,0,0.04,0.38,0.2985,3,1
8719,2012-01-04,0,1,1,2,0,3,1,0,0.02,0.34,0.2836,1,1
8720,2012-01-04,0,1,1,3,0,3,1,0,0.02,0.34,0.2836,1,1
8855,2012-01-09,0,1,1,18,0,1,1,3,0.2,0.86,0.0896,164,1
8868,2012-01-10,0,1,1,8,0,2,1,1,0.18,0.93,0.1642,471,1
8943,2012-01-13,0,1,1,11,0,5,1,0,0.24,0.38,0.6119,114,1
8947,2012-01-13,0,1,1,15,0,5,1,0,0.26,0.33,0.5821,138,1
9004,2012-01-16,0,1,1,0,1,1,0,0,0.14,0.46,0.1343,25,1
9005,2012-01-16,0,1,1,1,1,1,0,0,0.14,0.43,0.1045,20,1
9006,2012-01-16,0,1,1,2,1,1,0,0,0.14,0.46,0.0,17,1
9007,2012-01-16,0,1,1,3,1,1,0,0,0.12,0.5,0.0,3,1
9008,2012-01-16,0,1,1,4,1,1,0,0,0.12,0.58,0.1045,8,1
9009,2012-01-16,0,1,1,5,1,1,0,0,0.12,0.54,0.0896,6,1
9010,2012-01-16,0,1,1,6,1,1,0,0,0.1,0.54,0.0896,13,1
9011,2012-01-16,0,1,1,7,1,1,0,0,0.1,0.54,0.1045,33,1
9012,2012-01-16,0,1,1,8,1,1,0,0,0.1,0.58,0.1642,78,1
9013,2012-01-16,0,1,1,9,1,1,0,0,0.1,0.58,0.1642,96,1
9014,2012-01-16,0,1,1,10,1,1,0,1,0.14,0.59,0.194,126,1
9015,2012-01-16,0,1,1,11,1,1,0,0,0.16,0.59,0.2537,179,1
9016,2012-01-16,0,1,1,12,1,1,0,0,0.2,0.55,0.3284,185,1
9017,2012-01-16,0,1,1,13,1,1,0,1,0.24,0.41,0.4179,228,1
9018,2012-01-16,0,1,1,14,1,1,0,0,0.24,0.44,0.3881,181,1
9019,2012-01-16,0,1,1,15,1,1,0,0,0.26,0.44,0.4478,192,1
9020,2012-01-16,0,1,1,16,1,1,0,0,0.26,0.44,0.3582,180,1
9021,2012-01-16,0,1,1,17,1,1,0,0,0.26,0.48,0.3284,193,1
9022,2012-01-16,0,1,1,18,1,1,0,0,0.26,0.52,0.3284,181,1
9023,2012-01-16,0,1,1,19,1,1,0,0,0.26,0.56,0.2836,144,1
9024,2012-01-16,0,1,1,20,1,1,0,0,0.26,0.6,0.2836,90,1
9025,2012-01-16,0,1,1,21,1,1,0,0,0.28,0.52,0.3284,49,1
9026,2012-01-16,0,1,1,22,1,1,0,1,0.3,0.49,0.3582,43,1
9027,2012-01-16,0,1,1,23,1,1,0,2,0.26,0.7,0.2985,28,1
9043,2012-01-17,0,1,1,16,0,2,1,0,0.46,0.63,0.5522,219,1
9044,2012-01-17,0,1,1,17,0,2,1,0,0.46,0.63,0.4478,462,1
9045,2012-01-17,0,1,1,18,0,2,1,0,0.46,0.63,0.4478,463,1
9067,2012-01-18,0,1,1,16,0,3,1,0,0.28,0.3,0.5224,176,1
9124,2012-01-21,0,1,1,1,0,6,0,3,0.14,0.86,0.194,23,1
9125,2012-01-21,0,1,1,2,0,6,0,2,0.14,0.86,0.0,26,1
9171,2012-01-23,0,1,1,0,0,1,1,1,0.18,0.86,0.0,19,1
9195,2012-01-24,0,1,1,0,0,2,1,1,0.3,1.0,0.2836,25,1
9219,2012-01-25,0,1,1,0,0,3,1,0,0.26,0.93,0.0,31,1
9281,2012-01-27,0,1,1,14,0,5,1,0,0.5,0.55,0.5522,176,1
9284,2012-01-27,0,1,1,17,0,5,1,0,0.42,0.5,0.5821,422,1
9339,2012-01-30,0,1,1,0,0,1,1,1,0.32,0.26,0.4179,10,1
9378,2012-01-31,0,1,1,15,0,2,1,0,0.54,0.26,0.4478,177,1
9380,2012-01-31,0,1,1,17,0,2,1,0,0.54,0.26,0.4179,559,1
9381,2012-01-31,0,1,1,18,0,2,1,0,0.54,0.24,0.3582,502,1
9428,2012-02-02,0,1,2,17,0,4,1,0,0.42,0.54,0.4925,450,1
9514,2012-02-06,0,1,2,8,0,1,1,0,0.16,0.86,0.1343,444,1
9538,2012-02-07,0,1,2,8,0,2,1,0,0.3,0.49,0.0,529,1
9644,2012-02-11,0,1,2,18,0,6,0,1,0.22,0.47,0.6567,108,1
9646,2012-02-11,0,1,2,20,0,6,0,1,0.16,0.43,0.5522,63,1
9647,2012-02-11,0,1,2,21,0,6,0,0,0.14,0.43,0.6418,48,1
9649,2012-02-11,0,1,2,23,0,6,0,2,0.12,0.5,0.4925,20,1
9650,2012-02-12,0,1,2,0,0,0,0,2,0.1,0.68,0.3881,21,1
9651,2012-02-12,0,1,2,1,0,0,0,2,0.08,0.79,0.4627,24,1
9652,2012-02-12,0,1,2,2,0,0,0,1,0.1,0.58,0.5821,27,1
9653,2012-02-12,0,1,2,3,0,0,0,1,0.1,0.46,0.6866,14,1
9654,2012-02-12,0,1,2,4,0,0,0,1,0.1,0.46,0.7164,1,1
9662,2012-02-12,0,1,2,12,0,0,0,0,0.14,0.39,0.6418,140,1
9665,2012-02-12,0,1,2,15,0,0,0,0,0.16,0.4,0.5522,155,1
9715,2012-02-14,0,1,2,17,0,2,1,0,0.42,0.38,0.3582,523,1
9778,2012-02-17,0,1,2,8,0,5,1,1,0.26,1.0,0.0,520,1
9779,2012-02-17,0,1,2,9,0,5,1,1,0.26,1.0,0.0,283,1
9842,2012-02-20,0,1,2,0,1,1,0,1,0.24,0.87,0.0896,41,1
9843,2012-02-20,0,1,2,1,1,1,0,1,0.24,0.87,0.0896,15,1
9844,2012-02-20,0,1,2,2,1,1,0,1,0.24,0.87,0.0896,20,1
9845,2012-02-20,0,1,2,3,1,1,0,1,0.24,0.81,0.194,8,1
9846,2012-02-20,0,1,2,5,1,1,0,1,0.24,0.6,0.3582,6,1
9847,2012-02-20,0,1,2,6,1,1,0,0,0.24,0.52,0.4179,10,1
9848,2012-02-20,0,1,2,7,1,1,0,1,0.22,0.55,0.3284,44,1
9849,2012-02-20,0,1,2,8,1,1,0,0,0.2,0.59,0.3582,120,1
9850,2012-02-20,0,1,2,9,1,1,0,0,0.2,0.59,0.3582,110,1
9851,2012-02-20,0,1,2,10,1,1,0,0,0.22,0.55,0.4478,143,1
9852,2012-02-20,0,1,2,11,1,1,0,0,0.26,0.48,0.3582,208,1
9853,2012-02-20,0,1,2,12,1,1,0,0,0.28,0.45,0.2239,281,1
9854,2012-02-20,0,1,2,13,1,1,0,0,0.3,0.42,0.2836,312,1
9855,2012-02-20,0,1,2,14,1,1,0,0,0.32,0.36,0.194,263,1
9856,2012-02-20,0,1,2,15,1,1,0,0,0.34,0.34,0.2239,289,1
9857,2012-02-20,0,1,2,16,1,1,0,0,0.36,0.29,0.1045,280,1
9858,2012-02-20,0,1,2,17,1,1,0,0,0.38,0.27,0.2537,253,1
9859,2012-02-20,0,1,2,18,1,1,0,0,0.34,0.34,0.2239,242,1
9860,2012-02-20,0,1,2,19,1,1,0,0,0.34,0.34,0.2239,172,1
9861,2012-02-20,0,1,2,20,1,1,0,0,0.34,0.34,0.194,126,1
9862,2012-02-20,0,1,2,21,1,1,0,0,0.3,0.39,0.1642,98,1
9863,2012-02-20,0,1,2,22,1,1,0,0,0.3,0.45,0.0896,62,1
9864,2012-02-20,0,1,2,23,1,1,0,0,0.3,0.39,0.0,26,1
9905,2012-02-22,0,1,2,17,0,3,1,0,0.52,0.32,0.3881,529,1
9929,2012-02-23,0,1,2,17,0,4,1,0,0.54,0.32,0.1642,610,1
9954,2012-02-24,0,1,2,18,0,5,1,1,0.42,0.94,0.0,300,1
9957,2012-02-24,0,1,2,21,0,5,1,0,0.42,0.35,0.806,152,1
9958,2012-02-24,0,1,2,22,0,5,1,0,0.4,0.37,0.5821,106,1
9959,2012-02-24,0,1,2,23,0,5,1,0,0.38,0.37,0.6866,86,1
9971,2012-02-25,0,1,2,11,0,6,0,0,0.3,0.39,0.6119,210,1
9972,2012-02-25,0,1,2,12,0,6,0,0,0.32,0.29,0.6567,258,1
9974,2012-02-25,0,1,2,14,0,6,0,0,0.32,0.29,0.5522,216,1
9976,2012-02-25,0,1,2,16,0,6,0,0,0.32,0.26,0.5821,195,1
9978,2012-02-25,0,1,2,18,0,6,0,0,0.3,0.28,0.5821,133,1
9980,2012-02-25,0,1,2,20,0,6,0,0,0.26,0.3,0.5522,105,1
10016,2012-02-27,0,1,2,8,0,1,1,0,0.24,0.6,0.0,528,1
10025,2012-02-27,0,1,2,17,0,1,1,0,0.54,0.24,0.4478,529,1
10026,2012-02-27,0,1,2,18,0,1,1,0,0.52,0.27,0.4179,527,1
10049,2012-02-28,0,1,2,17,0,2,1,0,0.42,0.26,0.0896,530,1
10051,2012-02-28,0,1,2,19,0,2,1,0,0.42,0.26,0.0,306,1
10169,2012-03-04,1,1,3,18,0,0,0,0,0.32,0.33,0.6119,184,1
10193,2012-03-05,1,1,3,18,0,1,1,2,0.28,0.55,0.6567,375,1
10198,2012-03-05,1,1,3,23,0,1,1,0,0.22,0.37,0.5821,31,1
10260,2012-03-08,1,1,3,13,0,4,1,1,0.6,0.49,0.6418,233,1
10261,2012-03-08,1,1,3,14,0,4,1,1,0.62,0.43,0.6418,203,1
10262,2012-03-08,1,1,3,15,0,4,1,0,0.64,0.38,0.6866,185,1
10263,2012-03-08,1,1,3,16,0,4,1,1,0.62,0.41,0.6418,342,1
10264,2012-03-08,1,1,3,17,0,4,1,0,0.62,0.38,0.6567,597,1
10265,2012-03-08,1,1,3,18,0,4,1,1,0.62,0.38,0.5522,590,1
10279,2012-03-09,1,1,3,8,0,5,1,1,0.34,0.42,0.5224,501,1
10288,2012-03-09,1,1,3,17,0,5,1,0,0.46,0.24,0.3881,566,1
10289,2012-03-09,1,1,3,18,0,5,1,0,0.44,0.26,0.5224,470,1
10290,2012-03-09,1,1,3,19,0,5,1,0,0.42,0.28,0.6119,244,1
10384,2012-03-13,1,1,3,18,0,2,1,0,0.7,0.34,0.2985,734,1
10407,2012-03-14,1,1,3,17,0,3,1,0,0.7,0.28,0.0896,782,1
10408,2012-03-14,1,1,3,18,0,3,1,0,0.7,0.32,0.0,749,1
10432,2012-03-15,1,1,3,18,0,4,1,0,0.66,0.44,0.2836,746,1
10528,2012-03-19,1,1,3,18,0,1,1,0,0.64,0.57,0.2537,801,1
10551,2012-03-20,1,1,3,17,0,2,1,0,0.6,0.73,0.194,750,1
10552,2012-03-20,1,1,3,18,0,2,1,0,0.6,0.69,0.2537,801,1
10576,2012-03-21,1,1,3,18,0,3,1,0,0.6,0.69,0.0,779,1
10599,2012-03-22,1,1,3,17,0,4,1,0,0.66,0.65,0.1642,810,1
10600,2012-03-22,1,1,3,18,0,4,1,0,0.66,0.65,0.1642,801,1
10623,2012-03-23,1,1,3,17,0,5,1,1,0.72,0.42,0.1642,957,1
10624,2012-03-23,1,1,3,18,0,5,1,0,0.7,0.45,0.1642,830,1
10688,2012-03-26,1,1,3,10,0,1,1,0,0.5,0.36,0.5821,153,1
10689,2012-03-26,1,1,3,11,0,1,1,0,0.48,0.31,0.5821,178,1
10691,2012-03-26,1,1,3,13,0,1,1,0,0.48,0.29,0.6866,301,1
10693,2012-03-26,1,1,3,15,0,1,1,0,0.48,0.29,0.6119,223,1
10694,2012-03-26,1,1,3,16,0,1,1,0,0.48,0.25,0.6418,305,1
10695,2012-03-26,1,1,3,17,0,1,1,0,0.46,0.24,0.4478,664,1
10696,2012-03-26,1,1,3,18,0,1,1,0,0.44,0.26,0.4478,684,1
10701,2012-03-26,1,1,3,23,0,1,1,0,0.34,0.25,0.5224,48,1
10702,2012-03-27,1,1,3,0,0,2,1,0,0.32,0.26,0.5224,10,1
10703,2012-03-27,1,1,3,1,0,2,1,0,0.3,0.26,0.4627,5,1
10719,2012-03-27,1,1,3,17,0,2,1,0,0.44,0.16,0.0,614,1
10720,2012-03-27,1,1,3,18,0,2,1,0,0.42,0.17,0.0896,644,1
10721,2012-03-27,1,1,3,19,0,2,1,0,0.42,0.17,0.0,417,1
10767,2012-03-29,1,1,3,17,0,4,1,0,0.52,0.38,0.3881,703,1
10886,2012-04-03,1,1,4,17,0,2,1,0,0.62,0.17,0.194,757,1
10887,2012-04-03,1,1,4,18,0,2,1,0,0.6,0.26,0.1642,800,1
10910,2012-04-04,1,1,4,17,0,3,1,0,0.66,0.41,0.2985,744,1
10911,2012-04-04,1,1,4,18,0,3,1,0,0.66,0.41,0.2537,759,1
10917,2012-04-05,1,1,4,0,0,4,1,0,0.52,0.23,0.4179,45,1
10934,2012-04-05,1,1,4,17,0,4,1,0,0.5,0.31,0.1642,822,1
10958,2012-04-06,1,1,4,17,0,5,1,0,0.52,0.23,0.4179,655,1
10977,2012-04-07,1,1,4,12,0,6,0,0,0.46,0.23,0.3881,590,1
10980,2012-04-07,1,1,4,15,0,6,0,0,0.52,0.19,0.4179,626,1
10981,2012-04-07,1,1,4,16,0,6,0,0,0.54,0.19,0.3881,615,1
10982,2012-04-07,1,1,4,17,0,6,0,0,0.54,0.19,0.4179,567,1
11025,2012-04-09,1,1,4,12,0,1,1,0,0.54,0.28,0.7164,280,1
11026,2012-04-09,1,1,4,13,0,1,1,0,0.54,0.28,0.5821,281,1
11054,2012-04-10,1,1,4,17,0,2,1,0,0.56,0.21,0.5224,744,1
11055,2012-04-10,1,1,4,18,0,2,1,0,0.54,0.22,0.4179,704,1
11101,2012-04-12,1,1,4,17,0,4,1,0,0.5,0.27,0.3881,656,1
11102,2012-04-12,1,1,4,18,0,4,1,0,0.5,0.27,0.3881,610,1
11125,2012-04-13,1,1,4,17,0,5,1,0,0.56,0.24,0.1642,738,1
11146,2012-04-14,1,1,4,14,0,6,0,1,0.64,0.27,0.4478,660,1
11180,2012-04-16,1,1,4,0,1,1,0,0,0.64,0.53,0.3284,41,1
11181,2012-04-16,1,1,4,1,1,1,0,0,0.62,0.61,0.3582,28,1
11182,2012-04-16,1,1,4,2,1,1,0,0,0.6,0.64,0.2537,14,1
11183,2012-04-16,1,1,4,3,1,1,0,0,0.58,0.68,0.194,8,1
11184,2012-04-16,1,1,4,4,1,1,0,0,0.54,0.77,0.2239,6,1
11185,2012-04-16,1,1,4,5,1,1,0,0,0.54,0.77,0.2239,38,1
11186,2012-04-16,1,1,4,6,1,1,0,0,0.52,0.83,0.1642,133,1
11187,2012-04-16,1,1,4,7,1,1,0,0,0.52,0.83,0.1343,387,1
11188,2012-04-16,1,1,4,8,1,1,0,1,0.56,0.83,0.1642,597,1
11189,2012-04-16,1,1,4,9,1,1,0,0,0.62,0.69,0.2239,297,1
11190,2012-04-16,1,1,4,10,1,1,0,0,0.62,0.69,0.2537,224,1
11191,2012-04-16,1,1,4,11,1,1,0,0,0.64,0.65,0.2537,251,1
11192,2012-04-16,1,1,4,12,1,1,0,0,0.68,0.57,0.2537,271,1
11193,2012-04-16,1,1,4,13,1,1,0,0,0.74,0.45,0.2985,263,1
11194,2012-04-16,1,1,4,14,1,1,0,0,0.76,0.45,0.3284,288,1
11195,2012-04-16,1,1,4,15,1,1,0,0,0.8,0.33,0.4478,275,1
11196,2012-04-16,1,1,4,16,1,1,0,0,0.8,0.33,0.4627,358,1
11197,2012-04-16,1,1,4,17,1,1,0,0,0.8,0.33,0.3881,712,1
11198,2012-04-16,1,1,4,18,1,1,0,0,0.8,0.31,0.3881,676,1
11199,2012-04-16,1,1,4,19,1,1,0,0,0.76,0.35,0.3881,522,1
11200,2012-04-16,1,1,4,20,1,1,0,0,0.74,0.37,0.2985,375,1
11201,2012-04-16,1,1,4,21,1,1,0,0,0.68,0.51,0.2537,271,1
11202,2012-04-16,1,1,4,22,1,1,0,0,0.68,0.51,0.2537,214,1
11203,2012-04-16,1,1,4,23,1,1,0,0,0.7,0.45,0.2985,121,1
11221,2012-04-17,1,1,4,17,0,2,1,0,0.64,0.25,0.2985,781,1
11222,2012-04-17,1,1,4,18,0,2,1,0,0.64,0.25,0.2836,775,1
11269,2012-04-19,1,1,4,17,0,4,1,0,0.6,0.43,0.0896,748,1
11270,2012-04-19,1,1,4,18,0,4,1,0,0.6,0.43,0.0896,776,1
11284,2012-04-20,1,1,4,8,0,5,1,0,0.44,0.94,0.0,700,1
11293,2012-04-20,1,1,4,17,0,5,1,0,0.64,0.47,0.2836,819,1
11389,2012-04-24,1,1,4,17,0,2,1,0,0.52,0.22,0.3881,691,1
11390,2012-04-24,1,1,4,18,0,2,1,0,0.5,0.18,0.0,632,1
11413,2012-04-25,1,1,4,17,0,3,1,0,0.6,0.2,0.2985,732,1
11414,2012-04-25,1,1,4,18,0,3,1,0,0.6,0.2,0.2836,709,1
11444,2012-04-27,1,1,4,0,0,5,1,0,0.54,0.68,0.5522,73,1
11461,2012-04-27,1,1,4,17,0,5,1,0,0.54,0.24,0.3881,702,1
11462,2012-04-27,1,1,4,18,0,5,1,0,0.52,0.25,0.3582,654,1
11558,2012-05-01,1,1,5,18,0,2,1,0,0.7,0.54,0.1343,743,1
11582,2012-05-02,1,1,5,18,0,3,1,0,0.56,0.73,0.2239,813,1
11629,2012-05-04,1,1,5,17,0,5,1,0,0.7,0.54,0.4627,643,1
11630,2012-05-04,1,1,5,18,0,5,1,0,0.7,0.54,0.4627,641,1
11701,2012-05-07,1,1,5,17,0,1,1,1,0.6,0.53,0.3284,769,1
11750,2012-05-09,1,1,5,18,0,3,1,2,0.52,0.77,0.5821,372,1
11773,2012-05-10,1,1,5,17,0,4,1,0,0.6,0.31,0.3881,732,1
11774,2012-05-10,1,1,5,18,0,4,1,0,0.56,0.35,0.5224,770,1
11797,2012-05-11,1,1,5,17,0,5,1,0,0.64,0.23,0.2537,779,1
11917,2012-05-16,1,1,5,17,0,3,1,0,0.72,0.51,0.194,873,1
11918,2012-05-16,1,1,5,18,0,3,1,0,0.72,0.51,0.2239,846,1
11932,2012-05-17,1,1,5,8,0,4,1,0,0.52,0.55,0.4478,634,1
11941,2012-05-17,1,1,5,17,0,4,1,0,0.66,0.31,0.1343,852,1
11942,2012-05-17,1,1,5,18,0,4,1,0,0.66,0.27,0.1642,868,1
11956,2012-05-18,1,1,5,8,0,5,1,0,0.52,0.59,0.1343,745,1
11965,2012-05-18,1,1,5,17,0,5,1,0,0.66,0.34,0.1343,812,1
12061,2012-05-22,1,1,5,17,0,2,1,0,0.72,0.54,0.0,785,1
12062,2012-05-22,1,1,5,18,0,2,1,0,0.68,0.61,0.1343,785,1
12109,2012-05-24,1,1,5,17,0,4,1,0,0.74,0.55,0.2836,798,1
12110,2012-05-24,1,1,5,18,0,4,1,0,0.72,0.54,0.3284,752,1
12188,2012-05-28,1,1,5,0,1,1,0,0,0.62,0.83,0.2239,65,1
12189,2012-05-28,1,1,5,1,1,1,0,1,0.62,0.78,0.2985,59,1
12190,2012-05-28,1,1,5,2,1,1,0,0,0.6,0.83,0.2239,48,1
12191,2012-05-28,1,1,5,3,1,1,0,0,0.62,0.73,0.1642,18,1
12192,2012-05-28,1,1,5,4,1,1,0,0,0.6,0.78,0.1343,6,1
12193,2012-05-28,1,1,5,5,1,1,0,0,0.6,0.78,0.1343,9,1
12194,2012-05-28,1,1,5,6,1,1,0,0,0.62,0.73,0.1642,20,1
12195,2012-05-28,1,1,5,7,1,1,0,0,0.62,0.78,0.1045,67,1
12196,2012-05-28,1,1,5,8,1,1,0,0,0.66,0.69,0.0,155,1
12197,2012-05-28,1,1,5,9,1,1,0,0,0.7,0.61,0.0,263,1
12198,2012-05-28,1,1,5,10,1,1,0,0,0.7,0.61,0.0,364,1
12199,2012-05-28,1,1,5,11,1,1,0,0,0.72,0.66,0.1343,476,1
12200,2012-05-28,1,1,5,12,1,1,0,0,0.76,0.62,0.1343,525,1
12201,2012-05-28,1,1,5,13,1,1,0,0,0.8,0.63,0.2836,556,1
12202,2012-05-28,1,1,5,14,1,1,0,0,0.8,0.63,0.2836,465,1
12203,2012-05-28,1,1,5,15,1,1,0,0,0.82,0.56,0.2985,460,1
12204,2012-05-28,1,1,5,16,1,1,0,0,0.82,0.56,0.3284,501,1
12205,2012-05-28,1,1,5,17,1,1,0,0,0.82,0.56,0.2985,405,1
12206,2012-05-28,1,1,5,18,1,1,0,0,0.8,0.59,0.2985,383,1
12207,2012-05-28,1,1,5,19,1,1,0,0,0.8,0.55,0.2985,395,1
12208,2012-05-28,1,1,5,20,1,1,0,0,0.78,0.62,0.2985,317,1
12209,2012-05-28,1,1,5,21,1,1,0,0,0.76,0.66,0.2836,247,1
12210,2012-05-28,1,1,5,22,1,1,0,0,0.74,0.7,0.1642,157,1
12211,2012-05-28,1,1,5,23,1,1,0,0,0.72,0.74,0.1642,82,1
12229,2012-05-29,1,1,5,17,0,2,1,0,0.82,0.46,0.4179,781,1
12230,2012-05-29,1,1,5,18,0,2,1,0,0.8,0.49,0.4925,710,1
12253,2012-05-30,1,1,5,17,0,3,1,0,0.74,0.48,0.0896,839,1
12254,2012-05-30,1,1,5,18,0,3,1,0,0.74,0.48,0.1642,796,1
12277,2012-05-31,1,1,5,17,0,4,1,0,0.76,0.31,0.1642,827,1
12278,2012-05-31,1,1,5,18,0,4,1,0,0.74,0.3,0.194,785,1
12373,2012-06-04,2,1,6,17,0,1,1,0,0.64,0.38,0.4478,834,1
12374,2012-06-04,2,1,6,18,0,1,1,0,0.64,0.38,0.3881,822,1
12397,2012-06-05,2,1,6,17,0,2,1,0,0.6,0.43,0.0,850,1
12398,2012-06-05,2,1,6,18,0,2,1,0,0.6,0.43,0.194,790,1
12422,2012-06-06,2,1,6,18,0,3,1,2,0.6,0.53,0.194,782,1
12445,2012-06-07,2,1,6,17,0,4,1,0,0.72,0.34,0.2537,869,1
12446,2012-06-07,2,1,6,18,0,4,1,0,0.7,0.34,0.2836,813,1
12469,2012-06-08,2,1,6,17,0,5,1,0,0.76,0.29,0.194,793,1
12493,2012-06-09,2,1,6,17,0,6,0,0,0.84,0.24,0.0,495,1
12541,2012-06-11,2,1,6,17,0,1,1,1,0.8,0.41,0.3582,800,1
12542,2012-06-11,2,1,6,18,0,1,1,1,0.8,0.43,0.2985,831,1
12580,2012-06-13,2,1,6,8,0,3,1,1,0.62,0.73,0.5224,713,1
12581,2012-06-13,2,1,6,9,0,3,1,1,0.64,0.69,0.5821,352,1
12589,2012-06-13,2,1,6,17,0,3,1,0,0.72,0.32,0.4925,857,1
12590,2012-06-13,2,1,6,18,0,3,1,0,0.72,0.32,0.4478,744,1
12613,2012-06-14,2,1,6,17,0,4,1,0,0.72,0.48,0.2239,867,1
12614,2012-06-14,2,1,6,18,0,4,1,0,0.74,0.42,0.194,823,1
12637,2012-06-15,2,1,6,17,0,5,1,0,0.74,0.37,0.2836,823,1
12733,2012-06-19,2,1,6,17,0,2,1,0,0.8,0.55,0.194,811,1
12734,2012-06-19,2,1,6,18,0,2,1,0,0.8,0.55,0.1642,795,1
12757,2012-06-20,2,1,6,17,0,3,1,0,0.9,0.37,0.0,691,1
12758,2012-06-20,2,1,6,18,0,3,1,0,0.9,0.37,0.0,672,1
12781,2012-06-21,2,1,6,17,0,4,1,0,0.88,0.37,0.0,615,1
12877,2012-06-25,2,1,6,17,0,1,1,0,0.8,0.24,0.4627,833,1
12878,2012-06-25,2,1,6,18,0,1,1,0,0.76,0.27,0.4478,791,1
12879,2012-06-25,2,1,6,19,0,1,1,0,0.74,0.27,0.4627,582,1
12901,2012-06-26,2,1,6,17,0,2,1,0,0.72,0.28,0.4179,900,1
12902,2012-06-26,2,1,6,18,0,2,1,0,0.72,0.28,0.3582,824,1
12924,2012-06-27,2,1,6,16,0,3,1,0,0.82,0.24,0.4478,392,1
12925,2012-06-27,2,1,6,17,0,3,1,0,0.82,0.24,0.3881,843,1
12926,2012-06-27,2,1,6,18,0,3,1,0,0.8,0.27,0.3284,804,1
12949,2012-06-28,2,1,6,17,0,4,1,0,0.88,0.22,0.194,705,1
12950,2012-06-28,2,1,6,18,0,4,1,0,0.86,0.25,0.2239,697,1
12974,2012-06-29,2,1,6,18,0,5,1,0,0.96,0.31,0.0,464,1
13045,2012-07-02,2,1,7,17,0,1,1,0,0.84,0.32,0.1343,747,1
13067,2012-07-03,2,1,7,15,0,2,1,1,0.9,0.24,0.0,401,1
13068,2012-07-03,2,1,7,16,0,2,1,1,0.9,0.24,0.194,527,1
13070,2012-07-03,2,1,7,18,0,2,1,1,0.86,0.3,0.0,627,1
13076,2012-07-04,2,1,7,0,1,3,0,0,0.68,0.79,0.0896,159,1
13077,2012-07-04,2,1,7,1,1,3,0,0,0.68,0.74,0.0,123,1
13078,2012-07-04,2,1,7,2,1,3,0,0,0.66,0.83,0.1343,93,1
13079,2012-07-04,2,1,7,3,1,3,0,0,0.68,0.74,0.194,32,1
13080,2012-07-04,2,1,7,4,1,3,0,0,0.68,0.69,0.2537,16,1
13081,2012-07-04,2,1,7,5,1,3,0,0,0.66,0.69,0.0,19,1
13082,2012-07-04,2,1,7,6,1,3,0,0,0.66,0.69,0.0,32,1
13083,2012-07-04,2,1,7,7,1,3,0,0,0.68,0.65,0.0,72,1
13084,2012-07-04,2,1,7,8,1,3,0,0,0.7,0.61,0.1045,153,1
13085,2012-07-04,2,1,7,9,1,3,0,0,0.76,0.52,0.0,293,1
13086,2012-07-04,2,1,7,10,1,3,0,0,0.8,0.46,0.0,447,1
13087,2012-07-04,2,1,7,11,1,3,0,0,0.82,0.46,0.1343,485,1
13088,2012-07-04,2,1,7,12,1,3,0,0,0.86,0.41,0.2239,494,1
13089,2012-07-04,2,1,7,13,1,3,0,0,0.9,0.35,0.0,499,1
13090,2012-07-04,2,1,7,14,1,3,0,0,0.9,0.37,0.1642,547,1
13091,2012-07-04,2,1,7,15,1,3,0,0,0.92,0.35,0.2985,454,1
13092,2012-07-04,2,1,7,16,1,3,0,0,0.92,0.35,0.2537,389,1
13093,2012-07-04,2,1,7,17,1,3,0,0,0.92,0.35,0.2985,414,1
13094,2012-07-04,2,1,7,18,1,3,0,0,0.9,0.42,0.194,430,1
13095,2012-07-04,2,1,7,19,1,3,0,0,0.86,0.47,0.2239,432,1
13096,2012-07-04,2,1,7,20,1,3,0,0,0.86,0.47,0.2239,551,1
13097,2012-07-04,2,1,7,21,1,3,0,0,0.84,0.53,0.1343,584,1
13098,2012-07-04,2,1,7,22,1,3,0,0,0.82,0.56,0.2239,502,1
13099,2012-07-04,2,1,7,23,1,3,0,1,0.78,0.43,0.0896,183,1
13117,2012-07-05,2,1,7,17,0,4,1,0,0.92,0.35,0.1642,689,1
13141,2012-07-06,2,1,7,17,0,5,1,0,0.92,0.29,0.0,576,1
13163,2012-07-07,2,1,7,15,0,6,0,0,0.96,0.26,0.0,306,1
13164,2012-07-07,2,1,7,16,0,6,0,0,1.0,0.19,0.1642,294,1
13213,2012-07-09,2,1,7,17,0,1,1,0,0.78,0.4,0.1642,849,1
13214,2012-07-09,2,1,7,18,0,1,1,0,0.76,0.48,0.1343,872,1
13237,2012-07-10,2,1,7,17,0,2,1,0,0.78,0.49,0.194,872,1
13238,2012-07-10,2,1,7,18,0,2,1,2,0.7,0.74,0.2239,819,1
13261,2012-07-11,2,1,7,17,0,3,1,0,0.8,0.31,0.2239,830,1
13262,2012-07-11,2,1,7,18,0,3,1,0,0.78,0.38,0.2537,814,1
13285,2012-07-12,2,1,7,17,0,4,1,0,0.76,0.43,0.2239,795,1
13286,2012-07-12,2,1,7,18,0,4,1,0,0.76,0.45,0.1343,825,1
13309,2012-07-13,2,1,7,17,0,5,1,1,0.8,0.36,0.1642,835,1
13380,2012-07-16,2,1,7,16,0,1,1,2,0.76,0.66,0.5821,386,1
13381,2012-07-16,2,1,7,17,0,1,1,2,0.76,0.66,0.5821,755,1
13382,2012-07-16,2,1,7,18,0,1,1,0,0.84,0.53,0.0,794,1
13405,2012-07-17,2,1,7,17,0,2,1,0,0.92,0.29,0.0,770,1
13406,2012-07-17,2,1,7,18,0,2,1,0,0.9,0.33,0.194,772,1
13453,2012-07-19,2,1,7,17,0,4,1,0,0.86,0.41,0.0,771,1
13454,2012-07-19,2,1,7,18,0,4,1,0,0.86,0.41,0.194,777,1
13477,2012-07-20,2,1,7,17,0,5,1,1,0.66,0.89,0.4179,715,1
13540,2012-07-23,2,1,7,8,0,1,1,0,0.72,0.79,0.1045,738,1
13549,2012-07-23,2,1,7,17,0,1,1,0,0.82,0.52,0.1343,847,1
13550,2012-07-23,2,1,7,18,0,1,1,0,0.82,0.46,0.1045,741,1
13564,2012-07-24,2,1,7,8,0,2,1,0,0.74,0.7,0.194,743,1
13573,2012-07-24,2,1,7,17,0,2,1,0,0.8,0.52,0.3284,869,1
13574,2012-07-24,2,1,7,18,0,2,1,0,0.76,0.62,0.3284,877,1
13588,2012-07-25,2,1,7,8,0,3,1,0,0.7,0.42,0.2537,788,1
13597,2012-07-25,2,1,7,17,0,3,1,0,0.8,0.31,0.0,913,1
13598,2012-07-25,2,1,7,18,0,3,1,0,0.8,0.27,0.1343,891,1
13621,2012-07-26,2,1,7,17,0,4,1,0,0.9,0.45,0.4179,738,1
13622,2012-07-26,2,1,7,18,0,4,1,0,0.92,0.4,0.3582,688,1
13625,2012-07-26,2,1,7,21,0,4,1,0,0.8,0.49,0.6119,271,1
13626,2012-07-26,2,1,7,22,0,4,1,0,0.8,0.49,0.6119,234,1
13708,2012-07-30,2,1,7,8,0,1,1,1,0.72,0.74,0.1045,751,1
13717,2012-07-30,2,1,7,17,0,1,1,0,0.76,0.55,0.3284,827,1
13718,2012-07-30,2,1,7,18,0,1,1,0,0.76,0.58,0.4179,812,1
13732,2012-07-31,2,1,7,8,0,2,1,0,0.7,0.79,0.1343,760,1
13741,2012-07-31,2,1,7,17,0,2,1,0,0.78,0.52,0.2239,820,1
13742,2012-07-31,2,1,7,18,0,2,1,0,0.76,0.55,0.2836,857,1
13765,2012-08-01,2,1,8,17,0,3,1,0,0.8,0.49,0.1642,837,1
13766,2012-08-01,2,1,8,18,0,3,1,2,0.76,0.62,0.2239,891,1
13780,2012-08-02,2,1,8,8,0,4,1,0,0.72,0.74,0.1045,739,1
13789,2012-08-02,2,1,8,17,0,4,1,0,0.82,0.52,0.2537,865,1
13790,2012-08-02,2,1,8,18,0,4,1,0,0.8,0.59,0.2239,767,1
13813,2012-08-03,2,1,8,17,0,5,1,1,0.84,0.53,0.2836,741,1
13856,2012-08-05,2,1,8,12,0,0,0,0,0.86,0.47,0.5224,491,1
13858,2012-08-05,2,1,8,14,0,0,0,0,0.9,0.42,0.4627,526,1
13859,2012-08-05,2,1,8,15,0,0,0,0,0.9,0.37,0.5224,450,1
13885,2012-08-06,2,1,8,17,0,1,1,0,0.82,0.41,0.0,858,1
13886,2012-08-06,2,1,8,18,0,1,1,0,0.82,0.41,0.1343,843,1
13909,2012-08-07,2,1,8,17,0,2,1,1,0.78,0.62,0.1343,868,1
13910,2012-08-07,2,1,8,18,0,2,1,1,0.76,0.62,0.1642,814,1
13924,2012-08-08,2,1,8,8,0,3,1,1,0.74,0.72,0.0896,737,1
13933,2012-08-08,2,1,8,17,0,3,1,1,0.8,0.55,0.2836,858,1
13934,2012-08-08,2,1,8,18,0,3,1,1,0.78,0.55,0.1642,862,1
13957,2012-08-09,2,1,8,17,0,4,1,0,0.86,0.36,0.2537,810,1
13958,2012-08-09,2,1,8,18,0,4,1,1,0.82,0.46,0.2537,811,1
14053,2012-08-13,2,1,8,17,0,1,1,0,0.8,0.36,0.1642,818,1
14054,2012-08-13,2,1,8,18,0,1,1,0,0.76,0.52,0.2836,812,1
14077,2012-08-14,2,1,8,17,0,2,1,2,0.76,0.66,0.2537,812,1
14078,2012-08-14,2,1,8,18,0,2,1,0,0.76,0.62,0.2836,854,1
14101,2012-08-15,2,1,8,17,0,3,1,0,0.74,0.55,0.2836,851,1
14102,2012-08-15,2,1,8,18,0,3,1,0,0.74,0.51,0.2239,848,1
14125,2012-08-16,2,1,8,17,0,4,1,0,0.82,0.34,0.194,897,1
14126,2012-08-16,2,1,8,18,0,4,1,0,0.8,0.36,0.0,832,1
14148,2012-08-17,2,1,8,16,0,5,1,1,0.84,0.32,0.4478,488,1
14149,2012-08-17,2,1,8,17,0,5,1,0,0.82,0.36,0.3284,791,1
14221,2012-08-20,2,1,8,17,0,1,1,0,0.7,0.58,0.2836,893,1
14222,2012-08-20,2,1,8,18,0,1,1,1,0.62,0.78,0.2537,815,1
14245,2012-08-21,2,1,8,17,0,2,1,0,0.74,0.51,0.2836,878,1
14260,2012-08-22,2,1,8,8,0,3,1,0,0.64,0.73,0.0896,740,1
14269,2012-08-22,2,1,8,17,0,3,1,2,0.74,0.55,0.2239,783,1
14293,2012-08-23,2,1,8,17,0,4,1,0,0.76,0.45,0.2239,820,1
14294,2012-08-23,2,1,8,18,0,4,1,0,0.74,0.48,0.2239,941,1
14308,2012-08-24,2,1,8,8,0,5,1,1,0.66,0.74,0.0,744,1
14317,2012-08-24,2,1,8,17,0,5,1,1,0.74,0.51,0.2239,812,1
14318,2012-08-24,2,1,8,18,0,5,1,1,0.72,0.62,0.194,736,1
14389,2012-08-27,2,1,8,17,0,1,1,0,0.8,0.46,0.2239,845,1
14390,2012-08-27,2,1,8,18,0,1,1,0,0.78,0.52,0.2537,834,1
14413,2012-08-28,2,1,8,17,0,2,1,0,0.8,0.35,0.3881,864,1
14414,2012-08-28,2,1,8,18,0,2,1,0,0.78,0.4,0.2537,818,1
14428,2012-08-29,2,1,8,8,0,3,1,0,0.66,0.61,0.1642,808,1
14437,2012-08-29,2,1,8,17,0,3,1,0,0.78,0.35,0.2239,870,1
14438,2012-08-29,2,1,8,18,0,3,1,0,0.74,0.42,0.1642,812,1
14452,2012-08-30,2,1,8,8,0,4,1,0,0.66,0.65,0.0,754,1
14461,2012-08-30,2,1,8,17,0,4,1,0,0.82,0.34,0.2239,844,1
14462,2012-08-30,2,1,8,18,0,4,1,0,0.8,0.38,0.1343,853,1
14540,2012-09-03,2,1,9,0,1,1,0,1,0.66,0.94,0.0,104,1
14541,2012-09-03,2,1,9,1,1,1,0,1,0.68,0.89,0.1642,55,1
14542,2012-09-03,2,1,9,2,1,1,0,0,0.66,0.89,0.1045,40,1
14543,2012-09-03,2,1,9,3,1,1,0,0,0.66,0.89,0.1343,28,1
14544,2012-09-03,2,1,9,4,1,1,0,0,0.66,0.89,0.0896,11,1
14545,2012-09-03,2,1,9,5,1,1,0,0,0.66,0.89,0.0,4,1
14546,2012-09-03,2,1,9,6,1,1,0,0,0.66,0.94,0.0,15,1
14547,2012-09-03,2,1,9,7,1,1,0,0,0.68,0.85,0.0,43,1
14548,2012-09-03,2,1,9,8,1,1,0,1,0.7,0.84,0.1045,127,1
14549,2012-09-03,2,1,9,9,1,1,0,1,0.7,0.84,0.1343,229,1
14550,2012-09-03,2,1,9,10,1,1,0,1,0.74,0.74,0.2239,359,1
14551,2012-09-03,2,1,9,11,1,1,0,1,0.74,0.7,0.2836,459,1
14552,2012-09-03,2,1,9,12,1,1,0,1,0.76,0.62,0.2985,543,1
14553,2012-09-03,2,1,9,13,1,1,0,1,0.76,0.66,0.2537,566,1
14554,2012-09-03,2,1,9,14,1,1,0,0,0.74,0.7,0.2985,512,1
14555,2012-09-03,2,1,9,15,1,1,0,0,0.74,0.7,0.2239,449,1
14556,2012-09-03,2,1,9,16,1,1,0,0,0.74,0.7,0.2239,500,1
14557,2012-09-03,2,1,9,17,1,1,0,0,0.74,0.7,0.1343,498,1
14558,2012-09-03,2,1,9,18,1,1,0,0,0.74,0.66,0.1642,482,1
14559,2012-09-03,2,1,9,19,1,1,0,0,0.72,0.74,0.194,374,1
14560,2012-09-03,2,1,9,20,1,1,0,0,0.72,0.76,0.1045,261,1
14561,2012-09-03,2,1,9,21,1,1,0,0,0.72,0.76,0.1045,184,1
14562,2012-09-03,2,1,9,22,1,1,0,1,0.7,0.84,0.1343,121,1
14563,2012-09-03,2,1,9,23,1,1,0,1,0.7,0.84,0.2537,70,1
14581,2012-09-04,2,1,9,17,0,2,1,0,0.76,0.7,0.3582,856,1
14582,2012-09-04,2,1,9,18,0,2,1,0,0.76,0.75,0.2239,839,1
14605,2012-09-05,2,1,9,17,0,3,1,0,0.76,0.66,0.2537,863,1
14606,2012-09-05,2,1,9,18,0,3,1,0,0.76,0.75,0.194,839,1
14629,2012-09-06,2,1,9,17,0,4,1,0,0.74,0.7,0.2537,808,1
14630,2012-09-06,2,1,9,18,0,4,1,0,0.72,0.7,0.2537,835,1
14653,2012-09-07,2,1,9,17,0,5,1,0,0.78,0.59,0.3284,772,1
14654,2012-09-07,2,1,9,18,0,5,1,0,0.76,0.62,0.2985,792,1
14672,2012-09-08,2,1,9,12,0,6,0,0,0.8,0.55,0.4925,694,1
14673,2012-09-08,2,1,9,13,0,6,0,0,0.82,0.52,0.5224,668,1
14696,2012-09-09,2,1,9,12,0,0,0,0,0.66,0.47,0.0,757,1
14725,2012-09-10,2,1,9,17,0,1,1,0,0.66,0.34,0.3284,871,1
14726,2012-09-10,2,1,9,18,0,1,1,0,0.62,0.35,0.2985,968,1
14740,2012-09-11,2,1,9,8,0,2,1,0,0.54,0.68,0.0896,750,1
14749,2012-09-11,2,1,9,17,0,2,1,0,0.7,0.28,0.0,970,1
14750,2012-09-11,2,1,9,18,0,2,1,0,0.64,0.36,0.1642,877,1
14764,2012-09-12,2,1,9,8,0,3,1,0,0.56,0.64,0.1045,770,1
14773,2012-09-12,2,1,9,17,0,3,1,0,0.7,0.41,0.2985,925,1
14774,2012-09-12,2,1,9,18,0,3,1,0,0.66,0.44,0.2537,977,1
14788,2012-09-13,2,1,9,8,0,4,1,0,0.56,0.73,0.0,758,1
14797,2012-09-13,2,1,9,17,0,4,1,0,0.72,0.42,0.194,884,1
14798,2012-09-13,2,1,9,18,0,4,1,0,0.68,0.57,0.2537,852,1
14812,2012-09-14,2,1,9,8,0,5,1,1,0.6,0.78,0.1642,766,1
14821,2012-09-14,2,1,9,17,0,5,1,0,0.72,0.51,0.194,894,1
14822,2012-09-14,2,1,9,18,0,5,1,0,0.72,0.45,0.2239,808,1
14844,2012-09-15,2,1,9,16,0,6,0,1,0.66,0.36,0.2239,783,1
14893,2012-09-17,2,1,9,17,0,1,1,1,0.64,0.65,0.2239,842,1
14894,2012-09-17,2,1,9,18,0,1,1,1,0.62,0.73,0.1642,774,1
14908,2012-09-18,2,1,9,8,0,2,1,1,0.66,0.83,0.5522,672,1
14909,2012-09-18,2,1,9,9,0,2,1,1,0.66,0.83,0.5821,293,1
14910,2012-09-18,2,1,9,10,0,2,1,2,0.68,0.79,0.6418,160,1
14911,2012-09-18,2,1,9,11,0,2,1,1,0.68,0.79,0.6418,151,1
14913,2012-09-18,2,1,9,13,0,2,1,1,0.7,0.74,0.5821,114,1
14932,2012-09-19,2,1,9,8,0,3,1,0,0.52,0.59,0.2239,797,1
14941,2012-09-19,2,1,9,17,0,3,1,0,0.6,0.38,0.2239,886,1
14942,2012-09-19,2,1,9,18,0,3,1,0,0.58,0.4,0.2836,892,1
14956,2012-09-20,2,1,9,8,0,4,1,0,0.5,0.68,0.0896,790,1
14965,2012-09-20,2,1,9,17,0,4,1,0,0.64,0.5,0.2239,976,1
14966,2012-09-20,2,1,9,18,0,4,1,0,0.6,0.56,0.2537,900,1
14980,2012-09-21,2,1,9,8,0,5,1,0,0.54,0.73,0.1343,757,1
14989,2012-09-21,2,1,9,17,0,5,1,0,0.68,0.57,0.2836,846,1
14990,2012-09-21,2,1,9,18,0,5,1,0,0.66,0.61,0.2537,805,1
15011,2012-09-22,2,1,9,15,0,6,0,0,0.74,0.48,0.3881,750,1
15032,2012-09-23,2,1,9,12,0,0,0,0,0.56,0.43,0.1045,776,1
15052,2012-09-24,2,1,9,8,0,1,1,0,0.5,0.55,0.194,750,1
15061,2012-09-24,2,1,9,17,0,1,1,0,0.58,0.3,0.0,898,1
15062,2012-09-24,2,1,9,18,0,1,1,0,0.54,0.37,0.1642,853,1
15076,2012-09-25,2,1,9,8,0,2,1,0,0.48,0.67,0.194,805,1
15085,2012-09-25,2,1,9,17,0,2,1,0,0.66,0.39,0.2836,967,1
15086,2012-09-25,2,1,9,18,0,2,1,0,0.64,0.41,0.2239,822,1
15100,2012-09-26,2,1,9,8,0,3,1,0,0.56,0.73,0.2985,838,1
15109,2012-09-26,2,1,9,17,0,3,1,0,0.74,0.48,0.2985,953,1
15110,2012-09-26,2,1,9,18,0,3,1,0,0.74,0.48,0.2239,884,1
15124,2012-09-27,2,1,9,8,0,4,1,0,0.62,0.71,0.0896,794,1
15133,2012-09-27,2,1,9,17,0,4,1,1,0.66,0.69,0.2985,905,1
15134,2012-09-27,2,1,9,18,0,4,1,1,0.66,0.69,0.2239,899,1
15157,2012-09-28,2,1,9,17,0,5,1,1,0.66,0.54,0.2985,808,1
15178,2012-09-29,2,1,9,14,0,6,0,0,0.6,0.4,0.2537,750,1
15220,2012-10-01,2,1,10,8,0,1,1,1,0.46,0.77,0.1045,784,1
15229,2012-10-01,2,1,10,17,0,1,1,2,0.56,0.6,0.2537,856,1
15268,2012-10-03,2,1,10,8,0,3,1,1,0.62,0.88,0.1045,809,1
15277,2012-10-03,2,1,10,17,0,3,1,0,0.7,0.65,0.0,917,1
15278,2012-10-03,2,1,10,18,0,3,1,0,0.7,0.65,0.0,810,1
15292,2012-10-04,2,1,10,8,0,4,1,0,0.64,0.89,0.0,738,1
15301,2012-10-04,2,1,10,17,0,4,1,0,0.7,0.51,0.2239,901,1
15302,2012-10-04,2,1,10,18,0,4,1,0,0.66,0.57,0.1045,887,1
15316,2012-10-05,2,1,10,8,0,5,1,0,0.58,0.64,0.0,785,1
15325,2012-10-05,2,1,10,17,0,5,1,0,0.7,0.42,0.1642,900,1
15326,2012-10-05,2,1,10,18,0,5,1,0,0.64,0.57,0.1343,761,1
15344,2012-10-06,2,1,10,12,0,6,0,0,0.7,0.54,0.1045,743,1
15345,2012-10-06,2,1,10,13,0,6,0,1,0.64,0.57,0.5224,710,1
15348,2012-10-06,2,1,10,16,0,6,0,0,0.6,0.43,0.5224,659,1
15380,2012-10-08,2,1,10,0,1,1,0,0,0.38,0.76,0.2836,51,1
15381,2012-10-08,2,1,10,1,1,1,0,0,0.34,0.87,0.1642,37,1
15382,2012-10-08,2,1,10,2,1,1,0,0,0.34,0.81,0.194,15,1
15383,2012-10-08,2,1,10,3,1,1,0,0,0.34,0.81,0.1045,10,1
15384,2012-10-08,2,1,10,4,1,1,0,0,0.32,0.87,0.1343,7,1
15385,2012-10-08,2,1,10,5,1,1,0,0,0.34,0.76,0.2239,19,1
15386,2012-10-08,2,1,10,6,1,1,0,0,0.34,0.76,0.1045,59,1
15387,2012-10-08,2,1,10,7,1,1,0,1,0.34,0.76,0.1642,154,1
15388,2012-10-08,2,1,10,8,1,1,0,1,0.36,0.71,0.2239,397,1
15389,2012-10-08,2,1,10,9,1,1,0,1,0.38,0.66,0.1642,332,1
15390,2012-10-08,2,1,10,10,1,1,0,1,0.38,0.68,0.1343,298,1
15391,2012-10-08,2,1,10,11,1,1,0,1,0.4,0.62,0.0896,308,1
15392,2012-10-08,2,1,10,12,1,1,0,1,0.42,0.63,0.1642,341,1
15393,2012-10-08,2,1,10,13,1,1,0,1,0.42,0.62,0.194,405,1
15394,2012-10-08,2,1,10,14,1,1,0,1,0.42,0.58,0.1045,420,1
15395,2012-10-08,2,1,10,15,1,1,0,2,0.42,0.58,0.194,370,1
15396,2012-10-08,2,1,10,16,1,1,0,2,0.42,0.58,0.194,377,1
15397,2012-10-08,2,1,10,17,1,1,0,1,0.42,0.66,0.2537,497,1
15398,2012-10-08,2,1,10,18,1,1,0,1,0.42,0.66,0.2836,456,1
15399,2012-10-08,2,1,10,19,1,1,0,1,0.4,0.71,0.2537,371,1
15400,2012-10-08,2,1,10,20,1,1,0,2,0.4,0.71,0.2239,227,1
15401,2012-10-08,2,1,10,21,1,1,0,1,0.4,0.76,0.2239,151,1
15402,2012-10-08,2,1,10,22,1,1,0,2,0.4,0.76,0.2537,107,1
15403,2012-10-08,2,1,10,23,1,1,0,1,0.4,0.71,0.2239,69,1
15421,2012-10-09,2,1,10,17,0,2,1,1,0.52,0.68,0.1642,806,1
15422,2012-10-09,2,1,10,18,0,2,1,1,0.5,0.72,0.2239,784,1
15436,2012-10-10,2,1,10,8,0,3,1,0,0.5,0.77,0.1642,839,1
15445,2012-10-10,2,1,10,17,0,3,1,0,0.58,0.43,0.2239,948,1
15446,2012-10-10,2,1,10,18,0,3,1,1,0.56,0.49,0.1642,844,1
15447,2012-10-10,2,1,10,19,0,3,1,1,0.56,0.46,0.5821,566,1
15460,2012-10-11,2,1,10,8,0,4,1,0,0.38,0.46,0.3881,798,1
15469,2012-10-11,2,1,10,17,0,4,1,0,0.5,0.39,0.2836,827,1
15471,2012-10-11,2,1,10,19,0,4,1,0,0.44,0.51,0.1343,743,1
15484,2012-10-12,2,1,10,8,0,5,1,0,0.42,0.71,0.0896,745,1
15493,2012-10-12,2,1,10,17,0,5,1,0,0.46,0.38,0.3881,837,1
15556,2012-10-15,2,1,10,8,0,1,1,1,0.6,0.64,0.3881,737,1
15565,2012-10-15,2,1,10,17,0,1,1,0,0.56,0.64,0.2537,766,1
15580,2012-10-16,2,1,10,8,0,2,1,0,0.44,0.62,0.0,835,1
15589,2012-10-16,2,1,10,17,0,2,1,0,0.52,0.39,0.194,943,1
15590,2012-10-16,2,1,10,18,0,2,1,0,0.5,0.42,0.1642,838,1
15604,2012-10-17,2,1,10,8,0,3,1,1,0.4,0.76,0.0,817,1
15613,2012-10-17,2,1,10,17,0,3,1,0,0.54,0.56,0.1045,888,1
15614,2012-10-17,2,1,10,18,0,3,1,0,0.52,0.59,0.1642,884,1
15628,2012-10-18,2,1,10,8,0,4,1,0,0.46,0.82,0.2537,834,1
15637,2012-10-18,2,1,10,17,0,4,1,1,0.58,0.64,0.3284,890,1
15638,2012-10-18,2,1,10,18,0,4,1,1,0.56,0.64,0.3284,788,1
15733,2012-10-22,2,1,10,17,0,1,1,0,0.62,0.33,0.1045,922,1
15734,2012-10-22,2,1,10,18,0,1,1,0,0.54,0.64,0.1045,786,1
15748,2012-10-23,2,1,10,8,0,2,1,1,0.46,0.72,0.0896,761,1
15757,2012-10-23,2,1,10,17,0,2,1,0,0.68,0.41,0.0,938,1
15758,2012-10-23,2,1,10,18,0,2,1,0,0.62,0.53,0.0896,826,1
15772,2012-10-24,2,1,10,8,0,3,1,1,0.52,0.83,0.1045,801,1
15781,2012-10-24,2,1,10,17,0,3,1,0,0.66,0.47,0.0,963,1
15782,2012-10-24,2,1,10,18,0,3,1,0,0.66,0.44,0.0,858,1
15796,2012-10-25,2,1,10,8,0,4,1,1,0.52,0.83,0.1642,779,1
15805,2012-10-25,2,1,10,17,0,4,1,0,0.6,0.69,0.1642,886,1
15806,2012-10-25,2,1,10,18,0,4,1,0,0.56,0.83,0.1045,809,1
15820,2012-10-26,2,1,10,8,0,5,1,1,0.54,0.88,0.1343,734,1
15829,2012-10-26,2,1,10,17,0,5,1,1,0.56,0.76,0.194,817,1
15849,2012-10-27,2,1,10,13,0,6,0,0,0.6,0.43,0.2537,760,1
15850,2012-10-27,2,1,10,14,0,6,0,0,0.6,0.46,0.2537,750,1
16105,2012-11-08,2,1,11,18,0,4,1,0,0.4,0.24,0.4179,507,1
16183,2012-11-12,2,1,11,0,1,1,0,0,0.42,0.71,0.1045,49,1
16184,2012-11-12,2,1,11,1,1,1,0,0,0.4,0.76,0.1642,30,1
16185,2012-11-12,2,1,11,2,1,1,0,0,0.4,0.76,0.1343,20,1
16186,2012-11-12,2,1,11,3,1,1,0,0,0.4,0.76,0.1343,4,1
16187,2012-11-12,2,1,11,4,1,1,0,0,0.4,0.76,0.0896,4,1
16188,2012-11-12,2,1,11,5,1,1,0,0,0.38,0.87,0.0,24,1
16189,2012-11-12,2,1,11,6,1,1,0,0,0.38,0.87,0.1045,71,1
16190,2012-11-12,2,1,11,7,1,1,0,0,0.4,0.87,0.0,264,1
16191,2012-11-12,2,1,11,8,1,1,0,0,0.42,0.82,0.1642,540,1
16192,2012-11-12,2,1,11,9,1,1,0,0,0.44,0.88,0.1045,397,1
16193,2012-11-12,2,1,11,10,1,1,0,0,0.48,0.77,0.1642,266,1
16194,2012-11-12,2,1,11,11,1,1,0,0,0.52,0.72,0.1642,367,1
16195,2012-11-12,2,1,11,12,1,1,0,0,0.56,0.64,0.2239,419,1
16196,2012-11-12,2,1,11,13,1,1,0,0,0.6,0.6,0.2239,420,1
16197,2012-11-12,2,1,11,14,1,1,0,0,0.58,0.6,0.2836,444,1
16198,2012-11-12,2,1,11,15,1,1,0,0,0.56,0.64,0.2537,382,1
16199,2012-11-12,2,1,11,16,1,1,0,0,0.56,0.64,0.1642,434,1
16200,2012-11-12,2,1,11,17,1,1,0,0,0.56,0.64,0.2836,596,1
16201,2012-11-12,2,1,11,18,1,1,0,0,0.52,0.72,0.1343,551,1
16202,2012-11-12,2,1,11,19,1,1,0,0,0.54,0.73,0.2836,353,1
16203,2012-11-12,2,1,11,20,1,1,0,1,0.52,0.77,0.2836,304,1
16204,2012-11-12,2,1,11,21,1,1,0,2,0.54,0.73,0.2239,155,1
16205,2012-11-12,2,1,11,22,1,1,0,0,0.52,0.77,0.2537,112,1
16206,2012-11-12,2,1,11,23,1,1,0,1,0.54,0.77,0.2239,63,1
16208,2012-11-13,2,1,11,1,0,2,1,2,0.44,0.88,0.6418,5,1
16423,2012-11-22,2,1,11,0,1,4,0,0,0.32,0.66,0.0896,46,1
16424,2012-11-22,2,1,11,1,1,4,0,0,0.28,0.65,0.0896,42,1
16425,2012-11-22,2,1,11,2,1,4,0,0,0.24,0.75,0.0896,18,1
16426,2012-11-22,2,1,11,3,1,4,0,0,0.24,0.75,0.1045,6,1
16427,2012-11-22,2,1,11,4,1,4,0,0,0.22,0.8,0.1343,3,1
16428,2012-11-22,2,1,11,5,1,4,0,0,0.24,0.75,0.1045,8,1
16429,2012-11-22,2,1,11,6,1,4,0,0,0.26,0.7,0.1045,17,1
16430,2012-11-22,2,1,11,7,1,4,0,0,0.22,0.75,0.1343,56,1
16431,2012-11-22,2,1,11,8,1,4,0,0,0.24,0.75,0.1343,97,1
16432,2012-11-22,2,1,11,9,1,4,0,0,0.3,0.65,0.0,119,1
16433,2012-11-22,2,1,11,10,1,4,0,0,0.36,0.57,0.1045,219,1
16434,2012-11-22,2,1,11,11,1,4,0,0,0.42,0.41,0.0896,232,1
16435,2012-11-22,2,1,11,12,1,4,0,0,0.44,0.35,0.0,262,1
16436,2012-11-22,2,1,11,13,1,4,0,0,0.46,0.31,0.0,269,1
16437,2012-11-22,2,1,11,14,1,4,0,0,0.48,0.29,0.0,220,1
16438,2012-11-22,2,1,11,15,1,4,0,0,0.48,0.29,0.0,228,1
16439,2012-11-22,2,1,11,16,1,4,0,0,0.46,0.33,0.0,182,1
16440,2012-11-22,2,1,11,17,1,4,0,0,0.44,0.35,0.0,109,1
16441,2012-11-22,2,1,11,18,1,4,0,0,0.4,0.43,0.0,70,1
16442,2012-11-22,2,1,11,19,1,4,0,0,0.36,0.76,0.0,44,1
16443,2012-11-22,2,1,11,20,1,4,0,0,0.34,0.71,0.0,52,1
16444,2012-11-22,2,1,11,21,1,4,0,0,0.34,0.61,0.0896,46,1
16445,2012-11-22,2,1,11,22,1,4,0,0,0.32,0.61,0.0,44,1
16446,2012-11-22,2,1,11,23,1,4,0,0,0.3,0.7,0.0,36,1
16471,2012-11-24,2,1,11,0,0,6,0,0,0.4,0.37,0.4179,42,1
16472,2012-11-24,2,1,11,1,0,6,0,0,0.34,0.42,0.4925,20,1
16473,2012-11-24,2,1,11,2,0,6,0,0,0.32,0.39,0.6119,32,1
16483,2012-11-24,2,1,11,12,0,6,0,1,0.3,0.36,0.6119,199,1
16560,2012-11-27,2,1,11,17,0,2,1,1,0.3,0.75,0.3881,527,1
16561,2012-11-27,2,1,11,18,0,2,1,0,0.26,0.81,0.3582,482,1
16622,2012-11-30,2,1,11,8,0,5,1,1,0.22,0.8,0.0896,729,1
16694,2012-12-03,0,1,12,8,0,1,1,0,0.36,0.93,0.0,731,1
16703,2012-12-03,0,1,12,17,0,1,1,0,0.52,0.63,0.1045,708,1
16704,2012-12-03,0,1,12,18,0,1,1,0,0.5,0.68,0.0896,692,1
16718,2012-12-04,0,1,12,8,0,2,1,1,0.44,0.88,0.1642,721,1
16727,2012-12-04,0,1,12,17,0,2,1,0,0.52,0.59,0.2239,743,1
16728,2012-12-04,0,1,12,18,0,2,1,0,0.5,0.63,0.2239,731,1
16742,2012-12-05,0,1,12,8,0,3,1,1,0.44,0.58,0.2836,759,1
16752,2012-12-05,0,1,12,18,0,3,1,0,0.42,0.35,0.4478,609,1
16766,2012-12-06,0,1,12,8,0,4,1,0,0.22,0.51,0.2985,659,1
16799,2012-12-07,0,1,12,17,0,5,1,1,0.38,0.66,0.0,568,1
16826,2012-12-08,0,1,12,20,0,6,0,1,0.36,1.0,0.0,182,1
16827,2012-12-08,0,1,12,21,0,6,0,1,0.36,1.0,0.0,209,1
16855,2012-12-10,0,1,12,1,0,1,1,1,0.36,1.0,0.0,4,1
16862,2012-12-10,0,1,12,8,0,1,1,1,0.42,1.0,0.2537,584,1
16871,2012-12-10,0,1,12,17,0,1,1,1,0.48,0.82,0.2836,616,1
16872,2012-12-10,0,1,12,18,0,1,1,1,0.46,0.88,0.2836,564,1
16878,2012-12-11,0,1,12,0,0,2,1,2,0.46,0.77,0.4627,31,1
16886,2012-12-11,0,1,12,8,0,2,1,1,0.34,0.61,0.2985,724,1
16934,2012-12-13,0,1,12,8,0,4,1,0,0.24,0.6,0.194,679,1
16958,2012-12-14,0,1,12,8,0,5,1,0,0.2,0.69,0.0896,636,1
17039,2012-12-17,0,1,12,17,0,1,1,1,0.4,0.94,0.2537,495,1
17040,2012-12-17,0,1,12,18,0,1,1,1,0.4,0.94,0.0896,507,1
17054,2012-12-18,0,1,12,8,0,2,1,0,0.38,0.94,0.0,662,1
17063,2012-12-18,0,1,12,17,0,2,1,0,0.4,0.47,0.4478,572,1
17078,2012-12-19,0,1,12,8,0,3,1,0,0.24,0.87,0.1045,678,1
17087,2012-12-19,0,1,12,17,0,3,1,0,0.4,0.5,0.3881,562,1
17088,2012-12-19,0,1,12,18,0,3,1,0,0.38,0.5,0.3582,569,1
17102,2012-12-20,0,1,12,8,0,4,1,1,0.3,0.7,0.0,599,1
17120,2012-12-21,0,1,12,2,0,5,1,2,0.46,0.94,0.3881,3,1
17124,2012-12-21,0,1,12,6,0,5,1,1,0.34,0.57,0.5821,80,1
17142,2012-12-22,0,1,12,0,0,6,0,0,0.26,0.44,0.5821,31,1
17150,2012-12-22,0,1,12,8,0,6,0,0,0.26,0.44,0.6119,29,1
17154,2012-12-22,0,1,12,12,0,6,0,0,0.3,0.36,0.6567,146,1
17157,2012-12-22,0,1,12,15,0,6,0,0,0.32,0.33,0.5821,153,1
17213,2012-12-25,0,1,12,0,1,2,0,2,0.24,0.93,0.0896,13,1
17214,2012-12-25,0,1,12,1,1,2,0,1,0.26,0.87,0.1642,13,1
17215,2012-12-25,0,1,12,2,1,2,0,1,0.26,0.87,0.1642,7,1
17216,2012-12-25,0,1,12,4,1,2,0,1,0.24,0.87,0.0896,1,1
17217,2012-12-25,0,1,12,5,1,2,0,1,0.22,0.93,0.1343,3,1
17218,2012-12-25,0,1,12,6,1,2,0,1,0.22,0.93,0.1343,7,1
17219,2012-12-25,0,1,12,7,1,2,0,1,0.22,0.93,0.1642,6,1
17220,2012-12-25,0,1,12,8,1,2,0,1,0.24,0.87,0.0,11,1
17221,2012-12-25,0,1,12,9,1,2,0,1,0.24,0.87,0.0,28,1
17222,2012-12-25,0,1,12,10,1,2,0,0,0.28,0.81,0.0,32,1
17223,2012-12-25,0,1,12,11,1,2,0,0,0.3,0.75,0.0896,86,1
17224,2012-12-25,0,1,12,12,1,2,0,0,0.32,0.76,0.0896,114,1
17225,2012-12-25,0,1,12,13,1,2,0,0,0.4,0.5,0.3284,121,1
17226,2012-12-25,0,1,12,14,1,2,0,0,0.38,0.46,0.2985,126,1
17227,2012-12-25,0,1,12,15,1,2,0,0,0.36,0.5,0.2537,107,1
17228,2012-12-25,0,1,12,16,1,2,0,1,0.36,0.5,0.2537,86,1
17229,2012-12-25,0,1,12,17,1,2,0,1,0.32,0.57,0.2537,50,1
17230,2012-12-25,0,1,12,18,1,2,0,1,0.32,0.66,0.2537,43,1
17231,2012-12-25,0,1,12,19,1,2,0,1,0.32,0.66,0.2239,36,1
17232,2012-12-25,0,1,12,20,1,2,0,1,0.32,0.66,0.2836,40,1
17233,2012-12-25,0,1,12,21,1,2,0,1,0.3,0.65,0.194,34,1
17234,2012-12-25,0,1,12,22,1,2,0,1,0.3,0.7,0.1642,19,1
17235,2012-12-25,0,1,12,23,1,2,0,1,0.28,0.65,0.2537,30,1
17261,2012-12-27,0,1,12,1,0,4,1,2,0.24,0.93,0.4478,5,1
17342,2012-12-30,0,1,12,10,0,0,0,0,0.26,0.41,0.5821,122,1
17344,2012-12-30,0,1,12,12,0,0,0,0,0.28,0.36,0.5821,144,1
17345,2012-12-30,0,1,12,13,0,0,0,0,0.3,0.36,0.6567,169,1
