x,y,class
0.18482488494037064,1.2992722801220087,1.0
-8.011759524018192,-6.157537710531558,1.0
2.431754442381522,-4.4423978173020195,1.0
-3.31295778834977,0.0662751578569051,1.0
10.75610096523413,-4.8454663777518485,1.0
0.5987738219524923,-4.587089794501504,1.0
-8.360001447122297,3.171658326413247,1.0
1.8488404626046273,7.617519720924126,1.0
-2.531088589220428,1.3291776044538797,1.0
5.406359555386831,5.163591312232409,1.0
2.9598550326331696,6.7248348227742705,1.0
-7.389062354341319,5.028228535353577,1.0
-4.575842380766273,-9.942218271177081,1.0
12.585867772836366,-0.0017435682387476248,1.0
-8.651704351302191,3.4105041517922294,1.0
11.08497718955516,-4.235730938599402,1.0
-8.966317535463647,2.757388080240632,1.0
-9.431944339588876,-2.4859767027496296,1.0
-0.1190156772070391,-4.545578125285243,1.0
-9.128458571595722,-0.6353947339321894,1.0
6.353704091916227,0.8394127327362665,1.0
6.448390412267955,1.9613064780960312,1.0
-3.432361918822431,7.61614970672631,1.0
-7.512545076675505,-6.799878895783755,1.0
-9.185070177826075,-4.421738681210689,1.0
5.70031228881224,4.528334779414922,1.0
-0.9980755673611822,1.5919708263305448,1.0
6.136209974567475,-0.46270761756370815,1.0
-4.723903405217007,6.871369134162053,1.0
10.047616553186305,-6.6117720420829835,1.0
-9.0536376447951,-3.7511023474351433,1.0
8.389623368283377,-8.548428985214358,1.0
-9.056490189383402,-2.414293514668201,1.0
-4.138730193920565,7.372139587968793,1.0
4.8994501162781345,6.435827765773111,1.0
11.588649231938902,-2.2207516453214993,1.0
-6.4181155136241355,5.7951841108713005,1.0
2.271308460681161,6.807083448361924,1.0
9.969602921593221,-6.730064353015257,1.0
3.731199874013383,-10.994713899442091,1.0
-9.508301134539874,-2.099478426090856,1.0
-9.886198436493801,-0.29481972485082353,1.0
-7.640243848791222,4.817606604628571,1.0
-3.116365115512778,-2.9524255956388217,1.0
-5.697965443610175,-8.77116551448081,1.0
1.1309869417048617,7.324075021552325,1.0
-0.12001007828970371,1.7433311243296121,1.0
-3.0540618363598195,-10.31304320751842,1.0
-0.8813922849878076,-4.495337379276357,1.0
2.6114084664876427,-11.178989063140435,1.0
6.142166245829556,0.7348625638685437,1.0
-9.469563687657713,-1.9018748165497472,1.0
-9.24206057580164,-0.5613169266857018,1.0
3.0051876601489886,-4.662648371224521,1.0
-3.698131632264604,7.235738680939413,1.0
4.224856500374092,-10.668028191313589,1.0
11.843683003384783,-2.1222602180438637,1.0
-0.2068208301182826,1.674729676569554,1.0
0.4910210804022522,-4.895816173176142,1.0
-9.18573183716023,-4.432000471205305,1.0
0.6154821099433789,0.44872253753195657,1.0
-0.6120185781399162,-11.123983170611814,1.0
-9.399220068552118,-1.6164376788596488,1.0
-6.533652561232135,-7.955305376331222,1.0
-8.57486809490151,-4.72659362566685,1.0
-9.365326578688899,-2.9082019450041265,1.0
-2.6661374725317355,-3.2244036720507827,1.0
6.151861190520655,-1.1735510838204137,1.0
-5.6377676059278565,6.62372354149069,1.0
4.242253481802164,6.37323775596744,1.0
1.372228290542065,-10.965268434580068,1.0
-6.7243880184554055,-8.50233340773272,1.0
5.281394770825402,4.726861818241949,1.0
11.455703823470028,-3.6843350701325717,1.0
-8.03658121852199,-6.257596092296152,1.0
6.201240051008276,-9.738458773616742,1.0
9.757653925655719,-6.885880101511078,1.0
4.5012851357333945,-3.765938148956604,1.0
-0.5503784534415088,7.725975274021446,1.0
-2.8066632421942486,0.10872241180651934,1.0
0.5812923415151013,-4.858915806155909,1.0
-9.233955653323612,-1.9381066864502285,1.0
-8.401483718197419,3.4343624896071514,1.0
-3.780902811572387,7.667588999798856,1.0
-3.5574049964905394,-9.591260067212772,1.0
6.630884706071057,1.3221077940476205,1.0
-1.9250844289026126,8.007179455770444,1.0
11.304963533927475,-4.705046196521217,1.0
-9.027292154188284,-0.3466175726791527,1.0
-5.858961175030497,-8.169451800329727,1.0
-1.540151852065796,-10.510710423087295,1.0
-4.280041222395364,7.060460546038406,1.0
-3.176308246408185,7.638198030966352,1.0
-6.223481199577194,6.509220485957226,1.0
7.359462215095669,-9.257378960699006,1.0
2.033052428593353,7.167438691189206,1.0
8.57670897420194,-7.874571868144841,1.0
-2.4394113617291646,1.6677402789591038,1.0
6.438850178202432,0.2288507925511794,1.0
9.631521517182021,-7.508636916873632,1.0
10.808014836354635,-4.9536581411962874,1.0
4.928001136793449,-3.065761809659575,1.0
5.1359125898748,-2.338090801500422,1.0
-0.8903543604111577,-10.831424427374005,1.0
2.16923155472947,7.04173761221945,1.0
4.717882147006293,-3.120928979656387,1.0
5.679366046472325,-1.7127184909108124,1.0
5.200411705236101,3.933167950310606,1.0
5.070942303972722,-9.896347866303524,1.0
-5.114562245053626,6.936906003376281,1.0
-1.041646620133608,-4.398357065632462,1.0
1.4319591261981441,7.276615276897656,1.0
4.5546388287228385,5.29609977888967,1.0
-3.4166841548458846,-1.151372902445414,1.0
4.664952929242591,-10.834511930191752,1.0
-2.7092547038446275,-10.65762473862394,1.0
-3.5026999837730157,7.45059336344083,1.0
-4.781483273525058,-9.408011835910079,1.0
3.607414215104362,6.011103941899963,1.0
11.264551969600351,-4.893748255008164,1.0
-7.77537267523657,4.577355688264703,1.0
-2.0590582465253218,-3.5806873866490507,1.0
-6.160262505492501,5.8826021001410815,1.0
2.325394460179259,7.190320430548761,1.0
-1.7023707951217397,1.8278254745510418,1.0
3.1001127518628753,6.8919877261073506,1.0
12.704842603594935,-1.9142348410581607,1.0
6.29486438484098,0.7597298550162699,1.0
-3.20364665828495,-10.24548954822641,1.0
1.138347519577215,-5.060856690679918,1.0
2.2676800886296533,-4.594415947938456,1.0
6.001039244741447,3.7567265921838437,1.0
0.08707569518937197,1.6850107435072208,1.0
-6.909402936582556,5.651005456045201,1.0
11.95886741959241,-2.3128788171485617,1.0
6.627469417851182,2.681480504985671,1.0
-6.425661289907537,-7.46249590443756,1.0
6.02014392238616,-9.796960045491836,1.0
11.544928383649003,-4.696388775367811,1.0
-0.6883060442211175,1.5045983233612121,1.0
6.292440606136624,-10.109887764695834,1.0
-2.9880004744809736,-1.42011164247534,1.0
4.813758681220595,4.498782791897352,1.0
-1.855741704517628,-11.061380126440746,1.0
1.6920827211770308,7.280376673201149,1.0
-2.67646500480711,0.415979039390421,1.0
-1.8145480482065632,-11.1098942018487,1.0
-8.974760002776927,0.43255402774866086,1.0
-5.532296821780668,6.3391302006321,1.0
-1.8306537653528618,7.91657146823573,1.0
-8.403787452500966,-4.978930886334304,1.0
10.250387182462816,-6.039988834210183,1.0
-2.503828278740759,8.25733385065882,1.0
0.2545032859109851,8.389226803593374,1.0
2.3537792020711845,7.584815673297974,1.0
4.220959904916446,-3.3765897647977114,1.0
5.2090011618333785,-10.20465642228171,1.0
5.8469457544994805,-1.5207121664286476,1.0
-9.352911268364654,0.6370430446768555,1.0
1.248384143313756,-11.071455792939165,1.0
-0.8955663804247237,1.8661182274097405,1.0
-7.85250095534991,4.370136064804395,1.0
-0.9548906769964332,8.21651964661362,1.0
-3.6238207013937207,-0.9199295280763589,1.0
4.391492451517393,-11.159648526550868,1.0
-0.9238621740463789,7.454732712484701,1.0
1.422244969378254,7.715488731416032,1.0
-6.221327401065114,-7.640685316754061,1.0
-3.978942999232757,7.039362249813961,1.0
1.524651513516974,7.985404478707687,1.0
-9.376621685535385,0.004586610458485367,1.0
2.195095529093709,7.065379231021171,1.0
-0.9374808594944027,-10.820386678002526,1.0
-0.5871877569604587,-11.103799558787056,1.0
-0.8491397459788214,-11.111893755250836,1.0
1.9003595693841202,-10.67932073041762,1.0
-9.229447237166756,1.4967856601077294,1.0
4.170888323417739,-10.315722874950868,1.0
6.212092288271907,1.4422719723400799,1.0
10.061609920371499,-6.167572457169165,1.0
-0.9571875562744521,8.367864243890423,1.0
-8.702997070285194,2.450465993001402,1.0
1.8931957694422366,-4.340199092763961,1.0
-1.7043383664051706,1.7172193131137528,1.0
-3.1614446785354446,-2.478501477759461,1.0
0.8132575412821977,0.5403988022551051,1.0
0.39305571015371443,-10.958802472718347,1.0
-0.46749226611621525,-10.835597406736099,1.0
-2.144897445061427,8.113426845602959,1.0
-8.781455771557969,-3.4959727293783756,1.0
0.7930938311911689,-5.06692912138863,1.0
6.119538715367061,-9.917865392383732,1.0
-8.933427610226303,-4.633771429215946,1.0
2.9345910828121977,7.048237680970278,1.0
6.716889393442989,-9.1578596644271,1.0
-4.171438360200153,-9.804085517599509,1.0
-2.1016907050722584,7.499480713117759,1.0
2.1933087165758187,7.583419266515941,1.0
4.377764519602645,-3.2736583992003614,1.0
2.898448724795032,-4.820821024235369,1.0
-4.743792473411146,7.089814640838356,1.0
1.5334799423666534,7.180273417761225,1.0
-2.8026525139478156,0.07870654202543363,1.0
5.079596414816945,4.411795742203374,1.0
-0.5176179759129699,-4.410840775335857,1.0
2.911874739437641,-11.000835236708257,1.0
-5.992016457222704,5.413661467707388,1.0
3.204781477070379,-3.961678405568589,1.0
1.6340327891911317,-4.669865870453675,1.0
4.321630605741618,-11.00269404885429,1.0
-9.288649948691742,0.4459052204866397,1.0
-7.723516891219092,4.352038349768874,1.0
-4.184036533829499,6.717845983993349,1.0
-1.645415825559172,-10.688865498487571,1.0
-8.947823481789426,0.9214080605519159,1.0
-1.6605693931209113,-4.262224545466983,1.0
-3.9052399228071715,-0.6713609529651053,1.0
6.518087109010377,1.462539857065929,1.0
11.8946470457817,-2.031089065385567,1.0
-3.4092180029415506,-1.6455207430674634,1.0
-8.765406619100713,1.8464651866538102,1.0
10.45528956174811,-5.8140486177688055,1.0
-3.3207765338978676,-1.1828415988028576,1.0
4.071530329519818,-4.208234433413953,1.0
-8.821315622512904,-4.568669576205208,1.0
0.15376754701757278,1.6503406278163426,1.0
10.788173829292814,-5.510558085505886,1.0
-2.4115342250990555,-3.5638362633975573,1.0
-3.053986883966734,0.16065773509622555,1.0
4.205225797827855,-4.107019638807171,1.0
-8.672879031986357,-3.591876699020452,1.0
11.126673086659235,-4.391715996464468,1.0
-6.249685245963283,5.558546831801641,1.0
-8.747255043198766,2.056897448281581,1.0
-3.9452017809310145,7.040970923031985,1.0
-9.122506779658064,2.0562954438853556,1.0
6.147222232723775,1.4956075404549356,1.0
-5.199354256126317,-9.081652366137854,1.0
-4.132550872696543,-9.57371536604126,1.0
-8.288459039676315,3.079308348419767,1.0
7.112078450198865,-9.265405794257385,1.0
-6.911183409825066,-6.9799753484602185,1.0
-7.030590102426904,4.778971532284284,1.0
5.635971686777664,-9.484344888464307,1.0
-9.242162146461375,-1.691954378209953,1.0
-3.2638621853824055,-1.0916599879554338,1.0
3.0109838172311854,-11.208604724009959,1.0
6.004412271800456,-9.578128004327732,1.0
-2.99200048704858,1.216806351215837,1.0
0.3774772291117406,-10.985285363599948,1.0
12.483901610158963,-1.516046352584888,1.0
1.9968535320780265,-11.046200740985666,1.0
-0.5873749468683769,8.076985950404211,1.0
-3.8333149635766,-10.518320569868004,1.0
6.301918217022029,3.5195155357293353,1.0
-7.128427990151586,-6.86735750821591,1.0
-8.262825099032963,3.3450617999510466,1.0
-7.204040790665682,-7.438398852008077,1.0
-1.7700342691476203,7.560524481818429,1.0
1.1107171488244634,-4.927810803670742,1.0
-2.403548374001543,7.768270482622377,1.0
-6.1787971688762635,5.665287441354004,1.0
-6.31878266284498,-8.322574920592807,1.0
6.387913128244978,2.8503286831780903,1.0
-7.676896872051576,-6.1146350804681795,1.0
6.418153744196197,-1.344496273441123,1.0
-0.05691181408137433,-11.061567655940669,1.0
-3.317010441764112,-10.109839169128557,1.0
-1.7262825979737533,-4.079571664162348,1.0
-8.621153328210836,-2.1951646613389597,1.0
-3.2977554495342627,-2.1949430467310114,1.0
12.213111409177598,-2.4187914207288426,1.0
3.660461253973145,6.179362294125908,1.0
-0.4085906853442661,1.8451671742654088,1.0
-7.902442133165513,4.388683750192812,1.0
-1.30147727268083,-3.854706331479451,1.0
-7.684205373901197,-6.657064401591607,1.0
-2.5545369925891315,-9.943526677063705,1.0
7.408199819729582,-9.684084351314198,1.0
8.880116354172467,-7.793466157082542,1.0
5.244147754498929,4.4825605871219585,1.0
2.350375755545984,6.6942908850297975,1.0
12.135363447930207,-1.9761879715886228,1.0
-3.3922972282051824,7.5187915479542795,1.0
-1.1294896858698993,7.997460006229835,1.0
10.317801878177391,-5.3462298871347045,1.0
3.5376588147136805,-3.983894037347759,1.0
-6.357337082705286,6.194610023194227,1.0
-6.94262295404241,5.494348416559356,1.0
-1.8087586830878415,-10.721985495917947,1.0
-3.602667457039388,7.691478417380787,1.0
7.264600107802036,-8.987000846875677,1.0
-6.531707362098968,-7.6352293764335535,1.0
10.812034871041478,-5.109915098929411,1.0
6.572539683475934,0.9885638966356793,1.0
3.7669421940841925,-10.964674125015359,1.0
-1.7444773087471581,-3.925364559731638,1.0
2.792416838360497,-10.595856546356405,1.0
6.328468124565584,-9.630209997306697,1.0
-1.3122021119308978,8.185569667825042,1.0
-4.970159761218987,-9.50751270642404,1.0
11.825617224405285,-2.375159900529993,1.0
3.49117206002302,-4.215848271544035,1.0
-8.832371233400528,-4.322724552635088,1.0
-2.4052710477901877,1.030623660182552,1.0
3.3587319694875233,5.582266616853409,1.0
0.04156960246025737,-4.420568243453221,1.0
-9.395893809036892,2.0810540387203047,1.0
-9.196699584964895,-3.2030255241715024,1.0
12.513371443760546,-0.8364193542627274,1.0
12.055291081563206,-2.5738629548669287,1.0
8.643031950489924,-8.219029788923224,1.0
-9.646493176790573,-0.40190389485933875,1.0
8.881006527989866,-8.06904238027967,1.0
2.8176486784849137,7.31725671211432,1.0
4.5929015877155335,-3.4934646964858276,1.0
-9.165067228133529,2.941045745325747,1.0
-9.274294906271532,2.525756136991391,1.0
10.043119678853309,-6.556207984010914,1.0
0.341068106123313,0.4787141044451687,1.0
6.623032850986226,-9.125406351321121,1.0
-8.839020318673507,-3.4860729211234363,1.0
11.339584458425637,-4.596717717335103,1.0
-1.5392606217075633,-10.356812288568051,1.0
1.872564286426444,7.367572329841919,1.0
-8.638786919469528,-5.751523748187683,1.0
1.6549694138550408,7.649984417880227,1.0
10.516538067526962,-5.784610003595387,1.0
-0.33352144887876894,1.7129913388721376,1.0
-9.007363786168007,0.5846116973920937,1.0
-8.06215801519951,4.13701434211114,1.0
3.853993431166281,-3.9970698084765064,1.0
-2.805031752867789,7.2629919525113715,1.0
5.838722974839723,3.692821168205082,1.0
-6.7247919450503915,-7.880854007812126,1.0
-0.9756453856848721,-10.798891569571142,1.0
0.4462060877306756,-10.782125337597074,1.0
-0.29184599835300834,7.804285218900015,1.0
3.770642712533485,-3.77247266326648,1.0
5.541561682867195,3.2551150945363676,1.0
-9.297567665821163,2.231510814060137,1.0
-9.357134692252643,-4.319013175464262,1.0
2.3004695367764816,-10.897021735014894,1.0
-3.5511802759542013,-10.213904395395556,1.0
2.438737025593082,-4.114678265528217,1.0
-1.654684126953694,-10.489166608456177,1.0
-1.8421170629004444,-3.8244542046034753,1.0
10.162401994693745,-5.9250118446183535,1.0
-5.812219477352962,-9.293284652425355,1.0
-2.1360451383464727,-3.8321856801599674,1.0
5.510194202946636,-10.129394005799531,1.0
-5.905298470230294,-7.847009471551496,1.0
-3.965348987620693,-9.569785467809488,1.0
-6.922661085389647,5.278244594467698,1.0
-9.120276637964693,-3.300074995977745,1.0
-2.856288440334845,7.402696968846424,1.0
-9.350501088891038,-0.3917807337675994,1.0
1.9042362332318044,-10.949811477086707,1.0
3.9767007651450683,-3.128895554125728,1.0
8.246858011778317,-8.586808340703735,1.0
5.400187487841947,4.2633119097471,1.0
0.5457744334807939,-4.728857982083095,1.0
-8.145083786507858,-5.399669560598375,1.0
-8.622075124882716,2.9022827997788054,1.0
5.918386847035292,3.2476984714939894,1.0
-8.26846243888314,-4.900088824969578,1.0
-3.9470878330311194,-10.040428174039425,1.0
5.9643456506508965,1.7003079465347641,1.0
-1.9088068118610284,-4.267110507357988,1.0
-7.944546404961997,3.817197813483567,1.0
5.94096782173027,2.522985938973705,1.0
4.160194929490241,5.065659645219233,1.0
-7.116895679641995,4.793714991928681,1.0
-2.793073306690888,-10.93682610788188,1.0
0.05874362012198754,1.737778180999307,1.0
-6.355922388886628,5.7423133549003715,1.0
-1.2915669949961366,-4.228849340316347,1.0
6.776653406972816,-9.65423551149838,1.0
6.273524328982461,0.7671524861361485,1.0
-1.0969559016175359,8.176552124349962,1.0
-2.3728029798452046,1.017285454584447,1.0
0.6343521464588882,-4.481373584937285,1.0
0.4912463626702122,0.28890743498103366,1.0
2.314475684972404,7.13219571493632,1.0
3.4014818885496316,-10.300165925579222,1.0
-9.60381254042434,-1.066459926776576,1.0
5.708875570236794,-9.946496065194898,1.0
2.964196772805968,-4.819788157342318,1.0
-6.146834688869084,-8.029698246424486,1.0
-1.5392347725648001,-10.699973618858403,1.0
3.267418322517194,6.221255989494352,1.0
-1.973889294477137,-3.9447177424832383,1.0
-1.8231532570431832,-10.65308830314581,1.0
-8.526908560156304,3.114838372143168,1.0
-5.83689993889764,6.158118204653558,1.0
5.405517273389775,-9.85101277426687,1.0
-7.352294441495993,5.054533629972625,1.0
5.790100796855643,3.485074951004686,1.0
-1.3532601170235496,-10.843067552892446,1.0
6.355446933836957,1.586604322756108,1.0
6.402593910236776,2.1363941775348883,1.0
4.939343400404497,-2.9737243917959733,1.0
-2.479736438036992,-3.1183579257644687,1.0
2.740749781407701,-10.505789513443071,1.0
-4.813940722873719,-9.32279152564886,1.0
0.6158127600396999,8.209880863825719,1.0
-3.169311329156923,-10.39967173736746,1.0
11.792411543718305,-2.959724351281589,1.0
-5.720788442033179,6.43594804225224,1.0
-7.262329841008136,5.4492613955339815,1.0
-8.778486392316847,2.5664683796583696,1.0
6.427508352426136,1.334835704171537,1.0
6.042791284676459,-0.15189932868419134,1.0
-7.294153339129665,5.462961019642394,1.0
-7.854742171879723,4.6288952902892495,1.0
5.824546340355592,3.0000398623147757,1.0
-9.277460447703518,-1.540516558006403,1.0
0.3987863651261946,-10.76258056857677,1.0
-5.766722164979381,-9.190902904408873,1.0
0.469596694485895,-4.355275311473012,1.0
-7.726872807182615,-5.838551874884459,1.0
0.2920698968861863,0.26386485499421547,1.0
-0.15245147421814745,7.328295226762551,1.0
-4.967208719251396,6.161862550786468,1.0
2.268023846355998,-10.492926165217012,1.0
8.363415896781973,-8.231368863037433,1.0
-3.8796507888799354,-10.761491082784225,1.0
0.7438561695768628,-10.776691812957555,1.0
11.113489777820233,-5.195292832160781,1.0
-6.949645342838285,5.590089024950466,1.0
6.051326186723836,2.2984165183714906,1.0
1.5605216044835932,7.368406224700441,1.0
-2.9786415263599118,7.608623383940742,1.0
5.052195483589603,5.023714624254749,1.0
5.632797020045418,4.212937330311679,1.0
11.849722777341197,-1.2996101031854317,1.0
12.84005699789425,-0.6207141618719215,1.0
-8.5459359583792,-6.51406325018113,1.0
3.4550480733899427,-10.685855945823773,1.0
-3.4392948493057918,-10.23489290978668,1.0
-6.068270434061327,-8.554180039412664,1.0
0.4539720356856883,-4.638303123400735,1.0
-0.32264229235784325,-4.891913013189466,1.0
8.890473486869782,-8.101834797759139,1.0
0.13518923823013976,1.9335182273126341,1.0
-6.177943105378229,-8.386947587237945,1.0
3.3376772188862938,-11.708655188291221,1.0
-3.6394593189182913,-10.028836799057471,1.0
0.29650889760667265,-4.7013840971032925,1.0
-8.119965562194405,-5.948740871806888,1.0
-1.2823343556000688,-4.1977145200065475,1.0
-5.460423603261991,6.619516750403703,1.0
-7.495182525044687,-6.90096790617244,1.0
1.4406918440275231,7.456361422196387,1.0
-8.077738808977383,3.2927484463308407,1.0
11.585294557858614,-4.0699545091666005,1.0
5.164254865119791,4.509972487808353,1.0
2.6797732077749363,-4.423762867972962,1.0
9.605175093182387,-6.499103745528531,1.0
-6.772177126460039,5.578890061094312,1.0
-7.5597321767240375,4.860983950263975,1.0
11.539964507341088,-3.509670736986986,1.0
6.394924136139711,1.429550354990907,1.0
2.4184541089852916,-10.84772484092896,1.0
-9.35359432822953,0.18389738283843343,1.0
-5.411477714483362,-8.688701732367791,1.0
-5.845114753790379,6.064435155956127,1.0
0.5051562269195401,7.38267801781634,1.0
0.27650108580309257,-4.827825145929758,1.0
12.01514521918631,-0.9485830336362533,1.0
-2.953164295523081,-10.290654159454906,1.0
-5.090643868702442,7.083431228570653,1.0
-7.078609995136768,4.86529901024038,1.0
0.5775692711883473,0.11720715388327295,1.0
-1.1170262373892423,1.6629880629192222,1.0
3.282098756767613,-10.715237707699831,1.0
-2.4178929249949,1.1425522979916076,1.0
0.4858263163695265,-11.128777859365453,1.0
-3.9892131873661927,-9.932670742201267,1.0
-6.338311569858799,-8.54450634650143,1.0
-9.027379837899474,1.3825819813735805,1.0
3.461518771902394,7.201767346205042,1.0
12.115991867763892,-2.121813550065573,1.0
9.559994581074855,-6.181203822006109,1.0
-6.261227871247866,6.07438199746473,1.0
2.777981978493393,-4.522829160043331,1.0
6.937433264712866,-1.383828846285515,1.0
0.11093146295095879,1.3324092906299656,1.0
8.110993668204701,-8.867468409714984,1.0
2.117393785875913,7.405440821134294,1.0
-6.600987295645052,5.185957964859944,1.0
-8.587620538958886,2.722321113298328,1.0
2.1178444610879006,-10.678460564091527,1.0
-9.176733108612346,-4.220336253385292,1.0
-2.4804222995473393,-0.41566771244609285,1.0
1.014461019058297,7.347192504726833,1.0
-4.9086645483753335,6.6718131268771526,1.0
-3.4688559029596133,-9.630582454584891,1.0
1.4540378736251212,-10.99632563361781,1.0
0.46612620738213306,0.5909307421410621,1.0
-3.478676143535457,-6.823558543908373,2.0
6.381128116148546,7.751449361164488,2.0
-1.6298897511750157,4.608607127662931,2.0
-2.5168973322940267,11.105034027858169,2.0
9.711217409522105,1.4349974363960643,2.0
2.065129724484198,3.560962311758962,2.0
-9.698175579285001,7.616220472937415,2.0
-6.315671427483394,9.51185735914765,2.0
0.9086580384839265,10.912158134146985,2.0
6.396951177523256,-5.620604881266097,2.0
8.999902153256112,3.730236714380317,2.0
-4.302758040533523,3.585218884365264,2.0
0.4652422473029299,11.092912986895184,2.0
5.376813745645295,9.23241369179349,2.0
-2.5954879548523238,10.770070831282808,2.0
-11.30303356422132,4.731804851767591,2.0
-9.441787933884125,8.261435617726386,2.0
-9.686521547332092,7.758766920298938,2.0
3.088987873203808,-7.595485278043587,2.0
-1.865164106704529,11.28848257120727,2.0
-12.668598738542569,2.4708475173127282,2.0
-6.9616144833722515,-1.4032878994277986,2.0
0.034459260579554764,11.344981080015563,2.0
-6.191888492120476,0.5405797756540298,2.0
-6.194946034222776,-2.8346435923773634,2.0
2.897079654191105,-7.601981137784375,2.0
3.8905630151123427,-7.087207598094859,2.0
4.828605784855778,9.371059317671678,2.0
2.75594405337503,3.659637813617268,2.0
-5.855397893215174,9.928961729522975,2.0
0.3414689384435,4.48601556801446,2.0
0.9679752635208052,-2.061977838020931,2.0
0.9392271508281201,-7.452113353325639,2.0
-0.770984465457255,11.396999591317742,2.0
-2.9630363304100533,-6.353512641399545,2.0
-6.502180470519018,9.669082469065724,2.0
7.180318718097744,7.54593642499078,2.0
4.2091833161683105,9.549047545558128,2.0
8.474949411005419,-3.482970294918723,2.0
9.514055019294565,2.1539973233617817,2.0
-2.0847181403717094,5.32066360614702,2.0
-8.775293425817823,7.820823094133106,2.0
2.612904943158973,-7.256933706674095,2.0
3.741868857226267,-7.34589907860547,2.0
6.40141804988091,8.513455710641026,2.0
-9.047049231034107,7.966660685771724,2.0
1.692897582888882,10.758804982553176,2.0
3.9357939155254966,-7.301964384595451,2.0
5.594325925140422,-6.765227350536726,2.0
-6.478983490684149,-2.3412451545689876,2.0
2.7200582752510987,-0.28666155495363116,2.0
-11.466230716486777,4.64458547737459,2.0
2.536606613132683,2.7444845372421693,2.0
-6.417652563083856,-1.6581773981613548,2.0
-11.460017406641791,3.9849359421318304,2.0
9.59226091443171,1.2258855460233349,2.0
-6.809207550617381,9.722821512855138,2.0
5.1725213990735766,9.066139026134243,2.0
3.297497625709424,-1.5307468352492166,2.0
-0.6706403561078259,4.388684850148877,2.0
1.7334918256902625,4.053021694840416,2.0
6.891595699666668,-5.886585798795008,2.0
-3.97378152964112,10.595202163789281,2.0
3.5420730519361707,9.8220600392829,2.0
-4.862852681358562,3.0753197715357405,2.0
2.0752186221320392,-7.834500179574623,2.0
4.738155915129935,8.785998445269632,2.0
-9.7680676310624,7.93304448506773,2.0
-10.751373134932003,6.423476636392547,2.0
7.37811244208647,-4.010947518181382,2.0
1.8837937229025294,-7.284938603238919,2.0
7.358344612781928,6.453759687477149,2.0
7.096632689601346,7.364382508829959,2.0
-12.345586084194526,2.106631543975427,2.0
7.539877819695894,-4.68849367780683,2.0
9.456186521570421,-2.0238234328767635,2.0
5.197457173950677,-6.678163705882133,2.0
3.715890186391317,10.043135415436598,2.0
-4.095186477042672,-6.276531411289929,2.0
1.7311444331690875,-1.6736121584435022,2.0
8.934127064262967,-0.476635410563491,2.0
-6.273539963150851,-2.517315906210656,2.0
1.4129432870555392,11.041763534656534,2.0
-2.3121251180774878,4.276173753663347,2.0
-6.191762487602291,9.950187044192475,2.0
0.38691822674422977,11.40522630728058,2.0
-1.057728795215407,-7.380890999186604,2.0
-2.4283261514133994,4.41326257460878,2.0
-6.592501375527123,9.131763801513612,2.0
-3.674883726952292,-6.595555746830577,2.0
2.470855123042499,3.2039896011858295,2.0
7.989625909549723,-4.031007624919131,2.0
2.2734562983388438,-1.6171943081206632,2.0
-1.7133830798099992,5.057249076286609,2.0
0.6311135926445253,4.4856737120098975,2.0
7.640978887918014,-4.666439399513837,2.0
-4.522351488593982,-5.894031146790097,2.0
3.156149512087415,10.27250665093373,2.0
2.2214923880754056,3.3961194762014943,2.0
-5.1154341839590165,-4.005861752238253,2.0
-4.994552559614241,-3.306254381431599,2.0
1.4609277185656064,10.96443346313093,2.0
-8.411192803561606,8.313883307461104,2.0
7.406815947513713,-5.110720900098052,2.0
9.451421127379572,-0.06517795877282809,2.0
-2.3646746456206498,10.46082406205509,2.0
-8.162381771552718,9.053171690210146,2.0
0.15822026110597937,11.619453631408375,2.0
-6.033278798433069,-0.6789089783888376,2.0
3.2028683974231837,0.8277929769530209,2.0
-4.431973464025062,2.490476745050595,2.0
8.61335947142208,4.337772179410746,2.0
9.369997131789415,-1.079882677227061,2.0
8.149456711614166,-4.137114709775227,2.0
3.13641871125778,0.8272350694555329,2.0
1.5638955342118297,-7.677497805955859,2.0
0.9697493905798676,-1.9434678170276183,2.0
7.4541591392241555,6.710435372243408,2.0
-5.867793844566912,0.3060555193778039,2.0
4.3814585206007814,9.579203545374146,2.0
8.528468924572971,-2.2408593904281386,2.0
3.24693995027414,-0.7149430282679854,2.0
0.10051880529319217,4.239645232069349,2.0
-10.060542182698123,6.407619122583144,2.0
-7.87573142190731,8.212641689689622,2.0
-3.8258975334060485,10.34408525832434,2.0
9.680978866415323,0.700301154494159,2.0
-2.352493304451251,-7.289357801742208,2.0
-12.245672066806936,3.2815055945074043,2.0
-9.918235242959437,6.533623923498291,2.0
0.1391270674056118,-2.013898566718657,2.0
1.4678713225169673,4.149929861340649,2.0
8.964287655647198,-1.4870023417103255,2.0
5.282252237910014,8.55420659415107,2.0
5.769186080454239,-6.662642914275817,2.0
-3.327574108996954,4.380921430275081,2.0
2.45484910823331,-8.146702298407932,2.0
-4.717845403486432,3.1486279960346404,2.0
-3.0630378318900484,10.914534966479216,2.0
9.124197493725877,-1.579691730182826,2.0
1.4354208593190478,-7.836891518353884,2.0
-0.0865347787827926,4.969213783397617,2.0
8.331298820824667,-3.6372131332727804,2.0
9.456331255966445,0.3077751775088545,2.0
7.349010721632219,6.586311806787187,2.0
4.575563276837783,9.71508109622276,2.0
2.078759384603257,-1.3369380866280354,2.0
-0.9808404475402984,-7.5002913458429115,2.0
-1.4612764345970177,-7.633649501230894,2.0
-2.6091345746589067,5.056711580904996,2.0
-4.989443956964927,-5.679874064192572,2.0
2.165965936565066,-1.1875618155288514,2.0
5.291327604836844,-6.427106293377392,2.0
8.390186415875867,-3.717229824530003,2.0
6.968360528555901,-5.139409113536087,2.0
-0.10684521467781066,4.702526470078625,2.0
1.9812103410223174,2.7536670756168546,2.0
0.5058618896642357,10.873094266539741,2.0
1.3316352651610588,10.957034729294286,2.0
-5.648301744929046,-3.5789852493215477,2.0
6.061637857006318,8.263828548071183,2.0
-11.429055103411685,4.472508701510347,2.0
-5.647880631936312,9.97959368462383,2.0
-5.9336937190699865,-3.6130540318435997,2.0
0.5690853584401444,4.508163736107363,2.0
2.715334322151865,-0.8321446635580384,2.0
7.659412980848142,-4.243669968715981,2.0
5.282968799815754,-7.006080128382017,2.0
1.1603274752971668,11.0607901259011,2.0
-0.21624293238799286,11.043526273531095,2.0
3.5077404938845347,0.6479165182480607,2.0
-12.183819367721956,2.2271662149359353,2.0
-6.283132718288895,-0.622022950738656,2.0
-1.3486852753454794,-7.9571101931831425,2.0
9.454880778117223,1.0902403125802833,2.0
2.1563425661436986,-1.7539872653622743,2.0
4.078750683362643,10.051687612815982,2.0
-4.012551856772046,3.9222062943573923,2.0
-10.529246816385893,6.209011494243251,2.0
-6.143059669788304,0.2527524231863836,2.0
1.8254180996885117,-7.982441958757418,2.0
-5.719558861304197,1.9679050977097419,2.0
7.847488696685321,6.295590407451091,2.0
-1.0518164136122816,-7.73849628262915,2.0
-5.594123834705667,0.77427259168434,2.0
-6.048007222394154,9.89681120166463,2.0
4.632576430415543,9.357314458220529,2.0
5.834250406868267,-5.942758817616839,2.0
-5.886297506191524,-2.7454605366997953,2.0
-7.574786606542533,8.2792552869366,2.0
2.2668767111394543,-7.7667452985916565,2.0
5.815251826273174,-6.646465990655118,2.0
-3.7131517479343863,3.6511396117995347,2.0
-5.1381125420707425,9.870830049256782,2.0
9.659316996317136,-1.028837367718712,2.0
7.028302280559266,6.682314412702801,2.0
2.250421758672127,-7.87104030515788,2.0
0.34707648795012236,-1.9239751212561138,2.0
-5.678659667740392,-3.9315770122372586,2.0
0.3800496953651371,-1.580555670917872,2.0
1.4116934901697467,-2.0494994144532757,2.0
-11.74358693059876,1.1046817746084086,2.0
2.8783900504667166,2.5576089710323022,2.0
4.642102847864161,-7.006708509740442,2.0
-5.6600079411544435,10.049925763877104,2.0
2.3806215120856202,-7.562439261742611,2.0
-5.890520890502767,0.09248094054171929,2.0
1.7532450914874065,-7.4345553168372875,2.0
-4.569585158176946,10.493328947290108,2.0
2.3874383030509825,-1.2401382509722423,2.0
6.925584205610046,-5.148821984364761,2.0
-3.8531556944167247,3.6281038088413946,2.0
2.779279193598123,-0.1573979661443984,2.0
-1.5753385910568318,11.004351616981133,2.0
-0.061477266486957886,-1.049380411302894,2.0
1.8683889430305445,-7.60439502719235,2.0
8.917437136334472,-1.288398367686197,2.0
-2.6662517142653943,4.737461643346881,2.0
-9.78542068118947,7.415228524562419,2.0
1.532396944668406,-8.446871617027774,2.0
-3.4868477281021435,4.585425076769408,2.0
9.003323558965606,3.7997123964010644,2.0
8.124680406144419,5.849332922357223,2.0
-0.1450419578177487,-7.375034036300081,2.0
1.0316243323958907,-1.3336525645488215,2.0
7.2274841470167255,7.395860921163837,2.0
-6.57192300959951,1.0313095136411883,2.0
-0.8221716670599682,5.319731654815846,2.0
-4.179902911284891,10.161239700609189,2.0
7.87518839400787,-4.316597627781966,2.0
4.30619618243177,-6.924012360158222,2.0
0.8508450135625053,10.927883657170797,2.0
5.916645408250874,-6.1335220373168795,2.0
9.07272158051618,3.8858343885562245,2.0
1.21224751132644,-7.735559954986792,2.0
-8.636796352058594,7.694973810990846,2.0
9.700689521493844,0.24885534302428894,2.0
-9.513410287679992,6.910834690253093,2.0
-9.370765400704515,7.162500257693866,2.0
0.5524426134952956,10.871415869373674,2.0
8.859819610574549,-1.0847883493484793,2.0
7.412921740900803,6.760311934134102,2.0
-5.351194230878131,2.021371583900402,2.0
-10.315042685451864,5.89024667730805,2.0
-7.117384841724649,9.242776990905123,2.0
-1.6166396800366543,10.45264184031218,2.0
0.9036150534123345,-1.9438294137979535,2.0
-3.98023076889643,3.6398458928067456,2.0
-10.489255052711435,6.213444058547089,2.0
-3.4468154502969695,10.85163473576803,2.0
-6.348824100948453,10.04054475809956,2.0
1.0992142956490751,-7.859530916305887,2.0
-6.021883356389206,-0.4803748903263037,2.0
-9.233591896458506,7.882644609341226,2.0
-1.4310218737688967,-7.877915131849006,2.0
-5.630777579557787,-3.743518025149599,2.0
-5.5026194387151275,-3.842480269974053,2.0
-8.700464812926661,8.299052846249216,2.0
-2.820419517661136,4.367390710199728,2.0
-5.353949604015384,10.454086057205675,2.0
6.673592992246063,-6.101268334912008,2.0
-6.402391727757624,-0.8925083814697943,2.0
9.74163057829595,1.7760013648047255,2.0
-6.513548670088686,-2.4096211084826313,2.0
8.493428986956227,-3.668158615700646,2.0
8.575752110317191,3.823505569704916,2.0
9.420592884699285,1.6209846181443959,2.0
-3.946352249883219,10.560547890069744,2.0
8.728240831074602,4.325991747630354,2.0
-5.130242630796147,2.051907944066065,2.0
-5.621645956612614,-3.376391287938006,2.0
0.9472671189993821,-8.179629285470806,2.0
-0.30836094156695304,11.129432900802732,2.0
-9.660063767708767,6.85559938318061,2.0
0.7492642848918302,-1.7848514605029768,2.0
-12.764867057406061,0.5290651498101133,2.0
6.995478344492186,-4.943670335488034,2.0
0.6492941649797302,4.260672771223,2.0
9.840994949072954,0.24225645725186098,2.0
5.11923590279465,-6.659801534951173,2.0
3.182484006464334,-1.1645689771475176,2.0
9.94679462783506,1.2586019148623189,2.0
-10.414167008607174,4.8718980650350225,2.0
5.565895904194121,-5.5685042295444775,2.0
-5.443370936815305,1.48905245115976,2.0
6.688632834807693,7.903416507411182,2.0
-6.2579994032847415,-1.3844125256310733,2.0
-9.975334216653712,6.043074080861016,2.0
6.030063504839755,-5.565723977002002,2.0
-1.533510072529611,11.28190118259365,2.0
2.7030344036148426,-1.005123578109474,2.0
2.562381143395634,10.444780216952093,2.0
-0.5850726849543211,4.787703826797387,2.0
-5.22061021274635,2.329412960194339,2.0
-7.571683681297258,9.61904228726461,2.0
1.2368215855920488,4.165192901692304,2.0
-6.068284456502715,-3.627236709342894,2.0
-1.5611264392223387,-7.284482970287918,2.0
-9.82722567706347,6.420910026197842,2.0
-0.17718208482740241,4.686012937594279,2.0
8.837070221233104,4.219894686456018,2.0
-4.615604384703924,3.3134675226494616,2.0
-6.287586476913713,-3.1946812954849846,2.0
4.273130696333111,-7.303130784570418,2.0
9.494120349753619,-1.2299868760246508,2.0
-2.982633396193544,4.863598794773572,2.0
8.796188089854017,2.459994478231514,2.0
8.918904452166517,3.435508549650584,2.0
1.347946867899406,-7.4910465792555305,2.0
-4.124204179764365,3.156276318808494,2.0
-3.8611102982813965,-5.737795605905349,2.0
2.7811915139356365,2.8240149552484137,2.0
1.6370000204178619,10.809713196534144,2.0
-0.09189717640582858,-1.78294938708637,2.0
-4.1993544337279705,-5.937390477738389,2.0
-10.682009628589428,5.625570152482746,2.0
-3.681631562598503,4.119821383979034,2.0
8.869635530205342,-3.062462281743466,2.0
-0.6275142444439367,4.380574241060113,2.0
-11.2268639824948,3.7164852836384537,2.0
-4.282338718143328,10.484102804993812,2.0
-5.055917060096776,-4.644764042119451,2.0
1.0913082825828455,11.024304401417659,2.0
9.03319079019918,0.3666124577699524,2.0
-5.250112775654784,2.0178820721499964,2.0
0.5186702363575657,4.8886344259876395,2.0
-6.709547085948287,0.06372864544386686,2.0
8.600653809515894,5.172755191137947,2.0
-12.151445879123923,3.5923588391988908,2.0
-0.9089396755765616,11.267995610419716,2.0
-9.852019499168769,7.062714587443912,2.0
-3.789310901013903,3.510018686878103,2.0
-10.021509766036504,6.125321735310527,2.0
2.982840554557363,1.6890680259042408,2.0
-11.220672306054338,4.168737973120058,2.0
-0.0426021044677935,4.309138234354559,2.0
-2.0829616428209574,-6.777912656031975,2.0
-3.3030392727162976,-6.551553948894653,2.0
-4.426620025990457,-5.986362168137006,2.0
2.233686622679704,10.463220413895975,2.0
-5.651015534842117,9.9139309093402,2.0
9.339193019487498,0.6225604524857323,2.0
9.239394159520891,-1.289039198591651,2.0
-6.271420270733278,-0.8871598844479818,2.0
-9.188835591153929,6.599787269319587,2.0
10.163705621321954,0.19373681684601227,2.0
1.6635587886966348,-7.989378497991708,2.0
9.505565562652231,-0.23932880639334067,2.0
2.517475177686551,3.306264770517022,2.0
2.138266300423009,3.756207779238432,2.0
-10.862298209636526,5.45634966811162,2.0
-5.502912040869688,2.381367587488631,2.0
-7.069165256790282,-1.8042344315810364,2.0
9.257853751735471,-0.40900687072701136,2.0
6.909912464630335,-5.324507529230409,2.0
9.102767117830382,-0.5181785314493526,2.0
-1.8755201217381807,-7.121347363004475,2.0
1.2112597602128792,-8.275630681560777,2.0
-2.3474745646585884,4.853172064018524,2.0
7.560073536185637,-4.7985135358655535,2.0
2.5439798652319565,-7.713706822580063,2.0
-11.338852396749045,4.558880333596591,2.0
0.8042695432857305,4.292257634745764,2.0
8.921518046045556,4.155951903132623,2.0
-12.223832639843026,2.6324349076938733,2.0
2.6351490631314665,2.6676990316436706,2.0
3.4228942367989914,10.179519853291845,2.0
-7.246681563211798,8.685886500153133,2.0
-3.968615905696516,-5.668932226598447,2.0
9.57457279730311,0.5494604006891624,2.0
2.9978183219427232,2.1427235300307905,2.0
-3.9895542712993097,-6.3864508359687635,2.0
-6.124915301343264,0.09005285434846566,2.0
6.026131819059225,8.956375920740129,2.0
3.1216741174426517,-0.5556357353066618,2.0
6.845872110823662,-5.642166488220883,2.0
8.59502033622058,-0.6266691859856641,2.0
-11.146296633279203,5.242422814919838,2.0
-10.395112337903907,5.75717310043245,2.0
-0.5116232538965444,-0.8336630454392859,2.0
9.133799380076733,1.4177122248415974,2.0
0.7192331295679424,-7.831235277053507,2.0
9.073589337576253,-2.052731275368225,2.0
7.9309049794268764,6.726836185364596,2.0
-5.662416541667784,-1.7466477099593396,2.0
0.3489279306742535,10.840712814730127,2.0
-10.205576299653847,5.704943502004815,2.0
-8.580281361304982,7.515900101588376,2.0
0.8022607414995441,10.809318533723612,2.0
8.874972317108405,-2.983396250095999,2.0
6.615558985039486,-5.258202652765705,2.0
1.5907687024808612,10.588182390935806,2.0
-0.559201945842743,10.976261768076938,2.0
-0.14097261706055145,-0.7434773880284933,2.0
1.7444668809445263,-1.4619380606319192,2.0
6.110242458537007,-5.587009362917237,2.0
-7.4734828359506436,8.855099425278636,2.0
-5.548303907611054,2.723467564367564,2.0
-0.23712448589669013,4.815670561148341,2.0
-11.508607682901124,5.239358902605942,2.0
-8.797355154627773,7.4683642209303684,2.0
-6.511181422735019,-1.5275860960939107,2.0
-5.805464274792192,10.054211148956728,2.0
0.6667777865916481,10.734365287908977,2.0
-12.946963942780654,0.3754685311638534,2.0
-1.8570865350516712,4.8325588090154366,2.0
-9.032637612026283,7.041290280200238,2.0
2.787787231846547,-0.3983486638693046,2.0
6.5687602171355595,8.023092016828382,2.0
6.962940369638071,8.00285685381875,2.0
-10.558131243961396,6.3485630569261815,2.0
-5.738049156494055,1.6777677642896798,2.0
-2.3183132679743945,4.3081868330818915,2.0
7.74469577697963,-3.456276824926092,2.0
-11.540382200712106,3.5903570729869596,2.0
-6.11644070456898,-2.252341541085101,2.0
-2.5064758228116637,11.173158328112752,2.0
-4.851077275350816,-5.249095344012315,2.0
-6.734361325294058,-0.4318354325885425,2.0
6.09069774861407,8.867628081416493,2.0
-0.4625570851503778,11.157319318141418,2.0
-0.22383104645285012,-1.6538426820054535,2.0
9.808492897689245,1.7357100074236853,2.0
8.68576447909823,-2.3901158464601915,2.0
-0.14233760486655742,-8.742444099206413,2.0
-1.5849156415012673,11.205289552005178,2.0
-2.6438008022088755,-7.088308033844604,2.0
9.312276132537534,-1.4650126441384048,2.0
2.923842363676745,-7.633477785775971,2.0
4.409352344961917,-7.071814853578939,2.0
6.752643263681669,-5.325054290327247,2.0
-1.2674434261817489,4.8859984730745865,2.0
-2.916489142098007,10.603968149144169,2.0
-5.736901129877635,-3.066783558900722,2.0
8.27831206376358,-3.454945566459605,2.0
-6.330835095452604,-1.8443993219413881,2.0
-6.9169851873030685,9.039756249392784,2.0
-4.883410661679075,9.744505465264325,2.0
-11.630674445460842,3.77946716706621,2.0
-1.9579487587937765,-7.0845868216656305,2.0
-8.913649261948052,8.002491522488327,2.0
-7.056076456114586,9.27691027506105,2.0
9.265706794145146,0.8757166126893214,2.0
-0.5381503251227265,4.657490254853388,2.0
4.439818175778319,9.175059133937934,2.0
-11.619654940435687,4.265663840636351,2.0
-4.063328694447808,10.2047805363897,2.0
3.388199878490683,1.178741370824332,2.0
0.5766453328300408,-1.7688155423114498,2.0
5.192889718260799,-6.489864940229923,2.0
-9.989712652764618,6.249363790880248,2.0
3.334063734316799,10.225890271403985,2.0
-11.925013478841104,0.046043759703903286,2.0
9.030485929463635,5.267633480119316,2.0
-8.374359058951947,8.009674697633931,2.0
-3.5993393912946012,10.56724036392927,2.0
9.139435035454774,-1.8747511753536212,2.0
2.978738852654194,2.2073690019261276,2.0
0.8550356554288691,5.071487860728615,2.0
-3.9369124114477034,10.706518013775609,2.0
-1.5472097828657148,-7.030204430536795,2.0
9.083952431979311,3.1164507289233088,2.0
-6.170616292024025,-3.40276843311048,2.0
-8.767128041078301,7.400946612430874,2.0
-10.151401521476492,6.076587060778102,2.0
-12.291829748349357,3.5540561020434374,2.0
-10.927953538845937,5.369222808941289,2.0
8.95147533749112,0.11369373936360419,2.0
9.074255073631653,3.05075956329295,2.0
-12.075961055940486,2.9486214701504556,2.0
-1.493758070257459,-8.071690950834991,2.0
8.256373270052581,5.131501009354282,2.0
3.84279213100217,-7.4005150615657085,2.0
-3.346119575575146,-6.492349209769493,2.0
-10.635917271043397,5.156584949613047,2.0
9.094424755578254,0.5432361379879663,2.0
5.349992380739502,-6.147836939830793,2.0
2.1689712072999137,-0.48035804589936204,2.0
-1.134358549615804,4.580017956128136,2.0
9.029206982252166,-1.680983876549184,2.0
-12.518099211934988,0.42402121295028355,2.0
5.018667792806244,-6.417009696649889,2.0
8.781504580478707,4.927390709538501,2.0
-6.808902429606479,9.91898042522919,2.0
-10.265915391987244,5.927537959329768,2.0
-1.887897247295074,-7.3863239362789965,2.0
-1.9138527342427272,4.930008438435291,2.0
-12.72771719674481,2.3373803972763065,2.0
9.178064539587076,-2.8191410995172292,2.0
-8.7593376112517,7.98882048823506,2.0
-5.566296818054931,-3.6671160257414264,2.0
3.2526743124442006,2.226326202805888,2.0
-8.412308941202044,8.469352028977186,2.0
1.9781737395923364,-7.540137947803381,2.0
3.82970449073232,-7.230817308140707,2.0
-11.804857090493494,1.2304749771213468,2.0
1.4418071080262531,-7.8760611342227955,2.0
9.31127828212266,0.8703064130822267,2.0
2.21016784763027,10.609765217713331,2.0
-5.766800188713377,1.909804790988891,2.0
